slug,total_testcases,total_correct,runtime_percentile,state,status_msg,memory_percentile,processed
maximum-unique-subarray-sum-after-deletion,927,431,,SUCCESS,,Wrong Answer,TRUE
sum-of-variable-length-subarrays,773,176,,SUCCESS,,Wrong Answer,TRUE
zigzag-grid-traversal-with-skip,840,464,,SUCCESS,,Wrong Answer,TRUE
substring-matching-pattern,969,866,,SUCCESS,,Wrong Answer,TRUE
smallest-number-with-all-set-bits,608,599,,SUCCESS,,Wrong Answer,TRUE
stone-removal-game,53,27,,SUCCESS,,Wrong Answer,TRUE
minimum-operations-to-make-array-values-equal-to-k,969,899,,SUCCESS,,Wrong Answer,TRUE
adjacent-increasing-subarrays-detection-i,1422,1223,,SUCCESS,,Wrong Answer,TRUE
matrix-similarity-after-cyclic-shifts,914,904,,SUCCESS,,Wrong Answer,TRUE
minimum-right-shifts-to-sort-the-array,814,317,,SUCCESS,,Wrong Answer,TRUE
zero-array-transformation-iv,714,339,,SUCCESS,,Wrong Answer,TRUE
fruits-into-baskets-iii,740,385,,SUCCESS,,Wrong Answer,TRUE
find-the-number-of-copy-arrays,740,530,,SUCCESS,,Wrong Answer,TRUE
eat-pizzas,1005,140,,SUCCESS,,Wrong Answer,TRUE
select-k-disjoint-special-substrings,989,791,,SUCCESS,,Wrong Answer,TRUE
assign-elements-to-groups-with-constraints,572,367,,SUCCESS,,Wrong Answer,TRUE
maximum-frequency-after-subarray-operation,749,13,,SUCCESS,,Wrong Answer,TRUE
closest-equal-element-queries,614,343,,SUCCESS,,Wrong Answer,TRUE
reschedule-meetings-for-maximum-free-time-ii,695,12,,SUCCESS,,Wrong Answer,TRUE
count-mentions-per-user,673,642,,SUCCESS,,Wrong Answer,TRUE
minimize-the-maximum-edge-weight-of-graph,671,591,,SUCCESS,,Wrong Answer,TRUE
longest-subsequence-with-decreasing-adjacent-difference,586,377,,SUCCESS,,Wrong Answer,TRUE
maximum-coins-from-k-consecutive-bags,605,83,,SUCCESS,,Wrong Answer,TRUE
minimum-cost-to-make-arrays-identical,955,208,,SUCCESS,,Wrong Answer,TRUE
find-the-lexicographically-largest-string-from-the-box-i,785,240,,SUCCESS,,Wrong Answer,TRUE
maximum-area-rectangle-with-point-constraints-i,1002,981,,SUCCESS,,Wrong Answer,TRUE
check-if-grid-can-be-cut-into-sections,698,616,,SUCCESS,,Wrong Answer,TRUE
digit-operations-to-make-two-integers-equal,573,372,,SUCCESS,,Wrong Answer,TRUE
minimum-array-sum,772,404,,SUCCESS,,Wrong Answer,TRUE
maximum-subarray-sum-with-length-divisible-by-k,661,193,,SUCCESS,,Wrong Answer,TRUE
minimum-time-to-break-locks-i,763,62,,SUCCESS,,Wrong Answer,TRUE
zero-array-transformation-iii,824,515,,SUCCESS,,Wrong Answer,TRUE
zero-array-transformation-ii,627,89,,SUCCESS,,Wrong Answer,TRUE
zero-array-transformation-i,668,294,,SUCCESS,,Wrong Answer,TRUE
find-minimum-time-to-reach-last-room-i,744,2,,SUCCESS,,Wrong Answer,TRUE
maximum-frequency-of-an-element-after-performing-operations-i,635,491,,SUCCESS,,Wrong Answer,TRUE
adjacent-increasing-subarrays-detection-ii,1111,915,,SUCCESS,,Wrong Answer,TRUE
minimum-division-operations-to-make-array-non-decreasing,720,597,,SUCCESS,,Wrong Answer,TRUE
identify-the-largest-outlier-in-an-array,873,172,,SUCCESS,,Wrong Answer,TRUE
find-the-lexicographically-smallest-valid-sequence,905,174,,SUCCESS,,Wrong Answer,TRUE
count-substrings-that-can-be-rearranged-to-contain-a-string-i,758,71,,SUCCESS,,Wrong Answer,TRUE
count-almost-equal-pairs-i,686,480,,SUCCESS,,Wrong Answer,TRUE
reach-end-of-array-with-max-score,626,17,,SUCCESS,,Wrong Answer,TRUE
minimum-number-of-flips-to-make-binary-grid-palindromic-ii,661,68,,SUCCESS,,Wrong Answer,TRUE
find-the-power-of-k-size-subarrays-i,857,838,,SUCCESS,,Wrong Answer,TRUE
shortest-distance-after-road-addition-queries-i,972,394,,SUCCESS,,Wrong Answer,TRUE
maximize-the-total-height-of-unique-towers,583,468,,SUCCESS,,Wrong Answer,TRUE
k-th-largest-perfect-subtree-size-in-binary-tree,766,206,,SUCCESS,,Wrong Answer,TRUE
find-the-count-of-numbers-which-are-not-special,855,849,,SUCCESS,,Wrong Answer,TRUE
minimum-array-changes-to-make-differences-equal,682,3,,SUCCESS,,Wrong Answer,TRUE
maximum-number-of-operations-to-move-ones-to-the-end,694,148,,SUCCESS,,Wrong Answer,TRUE
count-submatrices-with-equal-frequency-of-x-and-y,770,18,,SUCCESS,,Wrong Answer,TRUE
find-the-maximum-length-of-valid-subsequence-ii,732,75,,SUCCESS,,Wrong Answer,TRUE
find-the-maximum-length-of-valid-subsequence-i,951,38,,SUCCESS,,Wrong Answer,TRUE
find-maximum-removals-from-source-string,755,536,,SUCCESS,,Wrong Answer,TRUE
maximize-total-cost-of-alternating-subarrays,692,99,,SUCCESS,,Wrong Answer,TRUE
vowels-game-in-a-string,697,591,,SUCCESS,,Wrong Answer,TRUE
find-the-maximum-length-of-a-good-subsequence-i,543,311,,SUCCESS,,Wrong Answer,TRUE
minimum-length-of-string-after-operations,702,475,,SUCCESS,,Wrong Answer,TRUE
lexicographically-minimum-string-after-removing-stars,602,559,,SUCCESS,,Wrong Answer,TRUE
count-the-number-of-special-characters-ii,896,736,,SUCCESS,,Wrong Answer,TRUE
minimum-length-of-anagram-concatenation,560,279,,SUCCESS,,Wrong Answer,TRUE
minimum-array-end,765,50,,SUCCESS,,Wrong Answer,TRUE
water-bottles-ii,958,727,,SUCCESS,,Wrong Answer,TRUE
find-the-maximum-number-of-elements-in-subset,731,355,,SUCCESS,,Wrong Answer,TRUE
find-if-array-can-be-sorted,999,677,,SUCCESS,,Wrong Answer,TRUE
minimum-moves-to-capture-the-queen,744,378,,SUCCESS,,Wrong Answer,TRUE
find-longest-special-substring-that-occurs-thrice-i,812,50,,SUCCESS,,Wrong Answer,TRUE
maximum-points-after-enemy-battles,579,44,,SUCCESS,,Wrong Answer,TRUE
minimum-cost-to-make-array-equalindromic,650,602,,SUCCESS,,Wrong Answer,TRUE
maximum-size-of-a-set-after-removals,969,961,,SUCCESS,,Wrong Answer,TRUE
count-subarrays-where-max-element-appears-at-least-k-times,634,104,,SUCCESS,,Wrong Answer,TRUE
minimum-number-of-coins-for-fruits,578,81,,SUCCESS,,Wrong Answer,TRUE
distribute-candies-among-children-ii,958,560,,SUCCESS,,Wrong Answer,TRUE
separate-black-and-white-balls,581,69,,SUCCESS,,Wrong Answer,TRUE
maximum-xor-product,863,227,,SUCCESS,,Wrong Answer,TRUE
maximum-score-after-applying-operations-on-a-tree,821,0,,SUCCESS,,Wrong Answer,TRUE
find-indices-with-index-and-value-difference-ii,517,430,,SUCCESS,,Wrong Answer,TRUE
minimum-size-subarray-in-infinite-array,535,383,,SUCCESS,,Wrong Answer,TRUE
happy-students,727,0,,SUCCESS,,Wrong Answer,TRUE
apply-operations-to-make-two-strings-equal,729,425,,SUCCESS,,Wrong Answer,TRUE
construct-product-matrix,1566,160,,SUCCESS,,Wrong Answer,TRUE
minimum-additions-to-make-valid-string,1523,185,,SUCCESS,,Wrong Answer,TRUE
count-the-number-of-square-free-subsets,44,23,,SUCCESS,,Wrong Answer,TRUE
minimum-cost-of-a-path-with-special-roads,1045,999,,SUCCESS,,Wrong Answer,TRUE
take-k-of-each-character-from-left-and-right,142,125,,SUCCESS,,Wrong Answer,TRUE
most-profitable-path-in-a-tree,31,0,,SUCCESS,,Wrong Answer,TRUE
longest-special-path-ii,678,351,,SUCCESS,,Wrong Answer,TRUE
maximize-subarrays-after-removing-one-conflicting-pair,642,0,,SUCCESS,,Wrong Answer,TRUE
maximize-the-distance-between-points-on-a-square,619,321,,SUCCESS,,Wrong Answer,TRUE
lexicographically-smallest-generated-string,739,723,,SUCCESS,,Wrong Answer,TRUE
maximize-the-minimum-game-score,692,21,,SUCCESS,,Wrong Answer,TRUE
minimum-operations-to-make-array-elements-zero,646,24,,SUCCESS,,Wrong Answer,TRUE
length-of-longest-v-shaped-diagonal-segment,561,154,,SUCCESS,,Wrong Answer,TRUE
frequencies-of-shortest-supersequences,808,599,,SUCCESS,,Wrong Answer,TRUE
smallest-substring-with-identical-characters-ii,970,91,,SUCCESS,,Wrong Answer,TRUE
minimum-cost-good-caption,714,5,,SUCCESS,,Wrong Answer,TRUE
minimum-increments-for-target-multiples-in-an-array,590,216,,SUCCESS,,Wrong Answer,TRUE
shortest-matching-substring,795,124,,SUCCESS,,Wrong Answer,TRUE
smallest-substring-with-identical-characters-i,949,487,,SUCCESS,,Wrong Answer,TRUE
longest-special-path,675,260,,SUCCESS,,Wrong Answer,TRUE
count-connected-components-in-lcm-graph,697,462,,SUCCESS,,Wrong Answer,TRUE
maximize-sum-of-weights-after-edge-removals,714,513,,SUCCESS,,Wrong Answer,TRUE
count-non-decreasing-subarrays-after-k-operations,731,0,,SUCCESS,,Wrong Answer,TRUE
minimize-the-maximum-adjacent-element-difference,958,21,,SUCCESS,,Wrong Answer,TRUE
sum-of-good-subsequences,679,45,,SUCCESS,,Wrong Answer,TRUE
maximize-the-number-of-target-nodes-after-connecting-trees-ii,825,4,,SUCCESS,,Wrong Answer,TRUE
maximum-frequency-of-an-element-after-performing-operations-ii,633,300,,SUCCESS,,Wrong Answer,TRUE
minimum-operations-to-make-character-frequencies-equal,773,72,,SUCCESS,,Wrong Answer,TRUE
find-the-original-typed-string-ii,846,135,,SUCCESS,,Wrong Answer,TRUE
find-the-number-of-subsequences-with-equal-gcd,622,25,,SUCCESS,,Wrong Answer,TRUE
find-the-number-of-possible-ways-for-an-event,568,64,,SUCCESS,,Wrong Answer,TRUE
check-if-dfs-strings-are-palindromes,584,208,,SUCCESS,,Wrong Answer,TRUE
find-the-k-th-character-in-string-game-ii,901,125,,SUCCESS,,Wrong Answer,TRUE
count-the-number-of-winning-sequences,691,147,,SUCCESS,,Wrong Answer,TRUE
sorted-gcd-pair-queries,721,550,,SUCCESS,,Wrong Answer,TRUE
construct-2d-grid-matching-graph-layout,785,90,,SUCCESS,,Wrong Answer,TRUE
find-the-maximum-sequence-value-of-array,641,397,,SUCCESS,,Wrong Answer,TRUE
count-substrings-that-can-be-rearranged-to-contain-a-string-ii,760,85,,SUCCESS,,Wrong Answer,TRUE
length-of-the-longest-increasing-path,725,242,,SUCCESS,,Wrong Answer,TRUE
select-cells-in-grid-with-maximum-score,546,465,,SUCCESS,,Wrong Answer,TRUE
maximum-score-of-non-overlapping-intervals,581,573,,SUCCESS,,Wrong Answer,TRUE
maximum-number-of-moves-to-kill-all-pawns,692,103,,SUCCESS,,Wrong Answer,TRUE
maximum-xor-score-subarray-queries,635,241,,SUCCESS,,Wrong Answer,TRUE
find-the-count-of-good-integers,90,9,,SUCCESS,,Wrong Answer,TRUE
count-almost-equal-pairs-ii,631,429,,SUCCESS,,Wrong Answer,TRUE
find-the-count-of-monotonic-pairs-ii,801,375,,SUCCESS,,Wrong Answer,TRUE
find-the-count-of-monotonic-pairs-i,801,381,,SUCCESS,,Wrong Answer,TRUE
minimum-amount-of-damage-dealt-to-bob,897,13,,SUCCESS,,Wrong Answer,TRUE
alternating-groups-iii,731,193,,SUCCESS,,Wrong Answer,TRUE
shortest-distance-after-road-addition-queries-ii,644,2,,SUCCESS,,Wrong Answer,TRUE
check-if-the-rectangle-corner-is-reachable,933,565,,SUCCESS,,Wrong Answer,TRUE
count-the-number-of-inversions,720,77,,SUCCESS,,Wrong Answer,TRUE
find-the-minimum-area-to-cover-all-ones-ii,661,631,,SUCCESS,,Wrong Answer,TRUE
minimum-operations-to-make-array-equal-to-target,554,119,,SUCCESS,,Wrong Answer,TRUE
find-the-maximum-length-of-a-good-subsequence-ii,551,449,,SUCCESS,,Wrong Answer,TRUE
block-placement-queries,744,425,,SUCCESS,,Wrong Answer,TRUE
find-products-of-elements-of-big-array,758,233,,SUCCESS,,Wrong Answer,TRUE
minimum-cost-to-equalize-array,636,559,,SUCCESS,,Wrong Answer,TRUE
find-the-number-of-subarrays-where-boundary-elements-are-maximum,890,104,,SUCCESS,,Wrong Answer,TRUE
kth-smallest-amount-with-single-denomination-combination,561,312,,SUCCESS,,Wrong Answer,TRUE
maximize-consecutive-elements-in-an-array-after-modification,668,97,,SUCCESS,,Wrong Answer,TRUE
earliest-second-to-mark-indices-ii,510,176,,SUCCESS,,Wrong Answer,TRUE
minimize-or-of-remaining-elements-using-operations,822,3,,SUCCESS,,Wrong Answer,TRUE
count-the-number-of-powerful-integers,933,809,,SUCCESS,,Wrong Answer,TRUE
maximize-the-number-of-partitions-after-operations,277,267,,SUCCESS,,Wrong Answer,TRUE
count-the-number-of-infection-sequences,1000,477,,SUCCESS,,Wrong Answer,TRUE
count-the-number-of-good-partitions,813,809,,SUCCESS,,Wrong Answer,TRUE
find-maximum-non-decreasing-array-length,553,113,,SUCCESS,,Wrong Answer,TRUE
palindrome-rearrangement-queries,1211,891,,SUCCESS,,Wrong Answer,TRUE
apply-operations-to-maximize-frequency-score,774,117,,SUCCESS,,Wrong Answer,TRUE
find-building-where-alice-and-bob-can-meet,953,137,,SUCCESS,,Wrong Answer,TRUE
maximum-points-after-collecting-coins-from-all-nodes,542,231,,SUCCESS,,Wrong Answer,TRUE
count-valid-paths-in-a-tree,922,10,,SUCCESS,,Wrong Answer,TRUE
maximum-spending-after-buying-items,779,313,,SUCCESS,,Wrong Answer,TRUE
count-of-sub-multisets-with-bounded-sum,643,515,,SUCCESS,,Wrong Answer,TRUE
string-transformation,726,95,,SUCCESS,,Wrong Answer,TRUE
minimum-changes-to-make-k-semi-palindromes,558,257,,SUCCESS,,Wrong Answer,TRUE
modify-graph-edge-weights,882,223,,SUCCESS,,Wrong Answer,TRUE
subsequence-with-the-minimum-score,54,22,,SUCCESS,,Wrong Answer,TRUE
maximize-the-minimum-powered-city,30,9,,SUCCESS,,Wrong Answer,TRUE
number-of-beautiful-partitions,74,31,,SUCCESS,,Wrong Answer,TRUE
split-message-based-on-limit,94,86,,SUCCESS,,Wrong Answer,TRUE
maximum-number-of-non-overlapping-palindrome-substrings,56,10,,SUCCESS,,Wrong Answer,TRUE
height-of-binary-tree-after-subtree-removal-queries,40,0,,SUCCESS,,Wrong Answer,TRUE
longest-increasing-subsequence-ii,84,76,,SUCCESS,,Wrong Answer,TRUE
find-the-k-sum-of-an-array,111,7,,SUCCESS,,Wrong Answer,TRUE
maximum-total-beauty-of-the-gardens,77,43,,SUCCESS,,Wrong Answer,TRUE
count-good-triplets-in-an-array,148,30,,SUCCESS,,Wrong Answer,TRUE
maximum-fruits-harvested-after-at-most-k-steps,202,95,,SUCCESS,,Wrong Answer,TRUE
sequentially-ordinal-rank-tracker,81,3,,SUCCESS,,Wrong Answer,TRUE
maximum-number-of-tasks-you-can-assign,49,30,,SUCCESS,,Wrong Answer,TRUE
number-of-valid-move-combinations-on-chessboard,273,202,,SUCCESS,,Wrong Answer,TRUE
maximum-number-of-ways-to-partition-an-array,178,125,,SUCCESS,,Wrong Answer,TRUE
find-array-given-subset-sums,131,14,,SUCCESS,,Wrong Answer,TRUE
number-of-ways-to-separate-numbers,257,35,,SUCCESS,,Wrong Answer,TRUE
longest-common-subpath,81,68,,SUCCESS,,Wrong Answer,TRUE
minimum-cost-to-reach-destination-in-time,93,86,,SUCCESS,,Wrong Answer,TRUE
the-earliest-and-latest-rounds-where-players-compete,137,77,,SUCCESS,,Wrong Answer,TRUE
design-movie-rental-system,42,23,,SUCCESS,,Wrong Answer,TRUE
minimum-skips-to-arrive-at-meeting-on-time,61,60,,SUCCESS,,Wrong Answer,TRUE
finding-mk-average,17,7,,SUCCESS,,Wrong Answer,TRUE
maximum-number-of-groups-getting-fresh-donuts,74,1,,SUCCESS,,Wrong Answer,TRUE
tree-of-coprimes,37,1,,SUCCESS,,Wrong Answer,TRUE
minimum-adjacent-swaps-for-k-consecutive-ones,117,3,,SUCCESS,,Wrong Answer,TRUE
minimum-initial-energy-to-finish-tasks,42,4,,SUCCESS,,Wrong Answer,TRUE
parallel-courses-ii,82,69,,SUCCESS,,Wrong Answer,TRUE
probability-of-a-two-boxes-having-the-same-number-of-distinct-balls,21,5,,SUCCESS,,Wrong Answer,TRUE
separate-squares-i,915,564,,SUCCESS,,Time Limit Exceeded,TRUE
count-special-subsequences,557,543,,SUCCESS,,Time Limit Exceeded,TRUE
count-beautiful-splits-in-an-array,583,575,,SUCCESS,,Time Limit Exceeded,TRUE
maximize-the-number-of-target-nodes-after-connecting-trees-i,817,810,,SUCCESS,,Time Limit Exceeded,TRUE
find-subtree-sizes-after-changes,632,631,,SUCCESS,,Time Limit Exceeded,TRUE
count-of-substrings-containing-every-vowel-and-k-consonants-ii,768,729,,SUCCESS,,Time Limit Exceeded,TRUE
find-the-power-of-k-size-subarrays-ii,653,641,,SUCCESS,,Time Limit Exceeded,TRUE
k-th-nearest-obstacle-queries,591,590,,SUCCESS,,Time Limit Exceeded,TRUE
alternating-groups-ii,625,531,,SUCCESS,,Time Limit Exceeded,TRUE
count-the-number-of-substrings-with-dominant-ones,881,855,,SUCCESS,,Time Limit Exceeded,TRUE
find-the-number-of-good-pairs-ii,687,683,,SUCCESS,,Time Limit Exceeded,TRUE
find-all-possible-stable-binary-arrays-i,670,666,,SUCCESS,,Time Limit Exceeded,TRUE
shortest-subarray-with-or-at-least-k-ii,718,714,,SUCCESS,,Time Limit Exceeded,TRUE
find-the-grid-of-region-average,810,792,,SUCCESS,,Time Limit Exceeded,TRUE
maximum-good-subarray-sum,782,780,,SUCCESS,,Time Limit Exceeded,TRUE
count-zero-request-servers,3129,2123,,SUCCESS,,Time Limit Exceeded,TRUE
increment-submatrices-by-one,31,17,,SUCCESS,,Time Limit Exceeded,TRUE
count-beautiful-numbers,554,532,,SUCCESS,,Time Limit Exceeded,TRUE
longest-common-prefix-of-k-strings-after-removal,667,633,,SUCCESS,,Time Limit Exceeded,TRUE
permutations-iv,999,225,,SUCCESS,,Time Limit Exceeded,TRUE
maximum-difference-between-even-and-odd-frequency-ii,690,667,,SUCCESS,,Time Limit Exceeded,TRUE
maximum-and-minimum-sums-of-at-most-size-k-subarrays,684,622,,SUCCESS,,Time Limit Exceeded,TRUE
subsequences-with-a-unique-middle-mode-i,947,751,,SUCCESS,,Time Limit Exceeded,TRUE
count-substrings-divisible-by-last-digit,699,683,,SUCCESS,,Time Limit Exceeded,TRUE
maximize-subarray-sum-after-removing-all-occurrences-of-one-element,660,649,,SUCCESS,,Time Limit Exceeded,TRUE
count-number-of-balanced-permutations,792,466,,SUCCESS,,Time Limit Exceeded,TRUE
count-k-reducible-numbers-less-than-n,774,330,,SUCCESS,,Time Limit Exceeded,TRUE
find-x-sum-of-all-k-long-subarrays-ii,784,776,,SUCCESS,,Time Limit Exceeded,TRUE
find-the-occurrence-of-first-almost-equal-substring,778,770,,SUCCESS,,Time Limit Exceeded,TRUE
final-array-state-after-k-multiplication-operations-ii,695,503,,SUCCESS,,Time Limit Exceeded,TRUE
find-the-largest-palindrome-divisible-by-k,632,133,,SUCCESS,,Time Limit Exceeded,TRUE
count-substrings-that-satisfy-k-constraint-ii,627,620,,SUCCESS,,Time Limit Exceeded,TRUE
time-taken-to-mark-all-nodes,804,411,,SUCCESS,,Time Limit Exceeded,TRUE
construct-string-with-minimum-cost,808,713,,SUCCESS,,Time Limit Exceeded,TRUE
number-of-subarrays-with-and-value-of-k,902,893,,SUCCESS,,Time Limit Exceeded,TRUE
maximum-total-reward-using-operations-ii,583,572,,SUCCESS,,Time Limit Exceeded,TRUE
maximum-sum-of-subsequence-with-non-adjacent-elements,527,517,,SUCCESS,,Time Limit Exceeded,TRUE
minimize-manhattan-distances,537,527,,SUCCESS,,Time Limit Exceeded,TRUE
minimum-moves-to-pick-k-ones,825,821,,SUCCESS,,Time Limit Exceeded,TRUE
count-the-number-of-houses-at-a-certain-distance-ii,549,505,,SUCCESS,,Time Limit Exceeded,TRUE
count-prefix-and-suffix-pairs-ii,597,591,,SUCCESS,,Time Limit Exceeded,TRUE
find-beautiful-indices-in-the-given-array-ii,238,231,,SUCCESS,,Time Limit Exceeded,TRUE
minimum-time-to-revert-word-to-initial-state-ii,911,898,,SUCCESS,,Time Limit Exceeded,TRUE
number-of-subarrays-that-match-a-pattern-ii,792,775,,SUCCESS,,Time Limit Exceeded,TRUE
divide-an-array-into-subarrays-with-minimum-cost-ii,691,687,,SUCCESS,,Time Limit Exceeded,TRUE
find-number-of-coins-to-place-in-tree-nodes,614,612,,SUCCESS,,Time Limit Exceeded,TRUE
maximum-strong-pair-xor-ii,349,237,,SUCCESS,,Time Limit Exceeded,TRUE
minimum-edge-weight-equilibrium-queries-in-a-tree,733,727,,SUCCESS,,Time Limit Exceeded,TRUE
find-a-good-subset-of-the-matrix,685,682,,SUCCESS,,Time Limit Exceeded,TRUE
minimum-reverse-operations,711,698,,SUCCESS,,Time Limit Exceeded,TRUE
handling-sum-queries-after-update,77,73,,SUCCESS,,Time Limit Exceeded,TRUE
groups-of-strings,97,95,,SUCCESS,,Time Limit Exceeded,TRUE
kth-smallest-product-of-two-sorted-arrays,112,98,,SUCCESS,,Time Limit Exceeded,TRUE
find-servers-that-handled-most-number-of-requests,108,100,,SUCCESS,,Time Limit Exceeded,TRUE
stone-game-v,132,131,,SUCCESS,,Time Limit Exceeded,TRUE
double-modular-exponentiation,524,0,,SUCCESS,,Runtime Error,TRUE
number-of-strings-which-can-be-rearranged-to-contain-substring,264,0,,SUCCESS,,Runtime Error,TRUE
count-collisions-of-monkeys-on-a-polygon,83,0,,SUCCESS,,Runtime Error,TRUE
maximum-area-rectangle-with-point-constraints-ii,593,1,,SUCCESS,,Runtime Error,TRUE
smallest-divisible-digit-product-ii,954,2,,SUCCESS,,Runtime Error,TRUE
greatest-common-divisor-traversal,929,0,,SUCCESS,,Runtime Error,TRUE
power-of-heroes,2584,0,,SUCCESS,,Runtime Error,TRUE
maximum-segment-sum-after-removals,42,0,,SUCCESS,,Runtime Error,TRUE
abbreviating-the-product-of-a-range,292,3,,SUCCESS,,Runtime Error,TRUE
sum-of-k-mirror-numbers,97,0,,SUCCESS,,Runtime Error,TRUE
minimum-number-of-days-to-eat-n-oranges,176,0,,SUCCESS,,Runtime Error,TRUE
minimum-number-of-valid-strings-to-form-target-ii,807,799,,SUCCESS,,Memory Limit Exceeded,TRUE
longest-common-suffix-queries,817,751,,SUCCESS,,Memory Limit Exceeded,TRUE
maximum-containers-on-a-ship,686,686,100,SUCCESS,88.0689,Accepted,TRUE
unique-3-digit-even-numbers,930,930,96.3744,SUCCESS,98.3279,Accepted,TRUE
fruits-into-baskets-ii,904,904,49.1796,SUCCESS,56.4251,Accepted,TRUE
transform-array-by-parity,804,804,100,SUCCESS,11.3377,Accepted,TRUE
check-if-digits-are-equal-in-string-after-operations-i,706,706,83.7814,SUCCESS,28.8077,Accepted,TRUE
maximum-difference-between-even-and-odd-frequency-i,805,805,35.5556,SUCCESS,50.7692,Accepted,TRUE
maximum-difference-between-adjacent-elements-in-a-circular-array,962,962,64.9706,SUCCESS,16.047,Accepted,TRUE
find-valid-pair-of-adjacent-digits-in-string,826,826,38.1985,SUCCESS,86.9474,Accepted,TRUE
sum-of-good-numbers,803,803,22.8108,SUCCESS,31.3514,Accepted,TRUE
find-special-substring-of-length-k,812,812,44.8231,SUCCESS,86.1074,Accepted,TRUE
find-the-largest-almost-missing-integer,900,900,35.6877,SUCCESS,25.2788,Accepted,TRUE
count-partitions-with-even-sum-difference,616,616,100,SUCCESS,99.0643,Accepted,TRUE
maximum-subarray-with-equal-products,865,865,57.8803,SUCCESS,54.3478,Accepted,TRUE
minimum-operations-to-make-columns-strictly-increasing,722,722,76.0192,SUCCESS,52.2782,Accepted,TRUE
count-subarrays-of-length-three-with-a-condition,1691,1691,37.081,SUCCESS,93.2328,Accepted,TRUE
minimum-number-of-operations-to-make-elements-in-array-distinct,781,781,64.8102,SUCCESS,8.2146,Accepted,TRUE
transformed-array,695,695,41.4635,SUCCESS,29.8103,Accepted,TRUE
minimum-positive-sum-subarray,889,889,58.9087,SUCCESS,62.8062,Accepted,TRUE
check-balanced-string,868,868,53.125,SUCCESS,38.9706,Accepted,TRUE
button-with-longest-push-time,588,588,100,SUCCESS,11.0311,Accepted,TRUE
smallest-divisible-digit-product-i,1000,1000,100,SUCCESS,42.8572,Accepted,TRUE
find-the-original-typed-string-i,780,780,11.1446,SUCCESS,6.9277,Accepted,TRUE
make-array-elements-equal-to-zero,584,584,17.2668,SUCCESS,10.4317,Accepted,TRUE
find-x-sum-of-all-k-long-subarrays-i,906,906,46.1958,SUCCESS,97.0271,Accepted,TRUE
minimum-element-after-replacement-with-digit-sum,835,835,45.4428,SUCCESS,21.4102,Accepted,TRUE
construct-the-minimum-bitwise-array-i,658,658,30.8748,SUCCESS,73.6111,Accepted,TRUE
find-the-k-th-character-in-string-game-i,502,502,57.1428,SUCCESS,16.7666,Accepted,TRUE
find-indices-of-stable-mountains,805,805,15.3619,SUCCESS,16.5437,Accepted,TRUE
the-two-sneaky-numbers-of-digitville,706,706,24.9852,SUCCESS,99.1202,Accepted,TRUE
find-the-key-of-the-numbers,757,757,100,SUCCESS,38.0053,Accepted,TRUE
convert-date-to-binary,503,503,14.7036,SUCCESS,51.3834,Accepted,TRUE
final-array-state-after-k-multiplication-operations-i,737,737,51.7561,SUCCESS,94.367,Accepted,TRUE
check-if-two-chessboard-squares-have-the-same-color,506,506,69.144,SUCCESS,84.9002,Accepted,TRUE
count-substrings-that-satisfy-k-constraint-i,780,780,36.6224,SUCCESS,18.9752,Accepted,TRUE
snake-in-matrix,983,983,100,SUCCESS,9.8331,Accepted,TRUE
find-the-number-of-winning-players,839,839,37.4046,SUCCESS,72.1375,Accepted,TRUE
design-neighbor-sum-service,652,652,58.9597,SUCCESS,37.2833,Accepted,TRUE
find-if-digit-game-can-be-won,897,897,44.455,SUCCESS,34.5023,Accepted,TRUE
number-of-bit-changes-to-make-two-integers-equal,682,682,100,SUCCESS,59.4654,Accepted,TRUE
lexicographically-smallest-string-after-a-swap,895,895,100,SUCCESS,26.8518,Accepted,TRUE
find-minimum-operations-to-make-all-elements-divisible-by-three,660,660,100,SUCCESS,42.0425,Accepted,TRUE
minimum-average-of-smallest-and-largest-elements,720,720,55.3363,SUCCESS,98.7444,Accepted,TRUE
maximum-height-of-a-triangle,857,857,98.4536,SUCCESS,82.4742,Accepted,TRUE
alternating-groups-i,795,795,20.9427,SUCCESS,55.3228,Accepted,TRUE
find-the-child-who-has-the-ball-after-k-seconds,803,803,100,SUCCESS,25.0896,Accepted,TRUE
clear-digits,688,688,27.989,SUCCESS,78.292,Accepted,TRUE
find-the-number-of-good-pairs-i,783,783,6.6576,SUCCESS,94.0361,Accepted,TRUE
special-array-i,852,852,100,SUCCESS,56.6915,Accepted,TRUE
find-the-xor-of-numbers-which-appear-twice,833,833,100,SUCCESS,33.4024,Accepted,TRUE
minimum-number-of-chairs-in-a-waiting-room,852,852,100,SUCCESS,47.8494,Accepted,TRUE
count-pairs-that-form-a-complete-day-i,667,667,74.87,SUCCESS,82.1491,Accepted,TRUE
check-if-grid-satisfies-conditions,882,882,55.2727,SUCCESS,100,Accepted,TRUE
permutation-difference-between-two-strings,823,823,60.076,SUCCESS,51.0774,Accepted,TRUE
count-the-number-of-special-characters-i,866,866,100,SUCCESS,50.7654,Accepted,TRUE
make-a-square-with-the-same-color,515,515,100,SUCCESS,82.5302,Accepted,TRUE
valid-word,677,677,100,SUCCESS,83.3718,Accepted,TRUE
shortest-subarray-with-or-at-least-k-i,834,834,80.4979,SUCCESS,98.7552,Accepted,TRUE
longest-strictly-increasing-or-strictly-decreasing-subarray,868,868,12.5532,SUCCESS,85.1065,Accepted,TRUE
harshad-number,100,100,2.8219,SUCCESS,36.6843,Accepted,TRUE
find-the-sum-of-encrypted-integers,865,865,73.6842,SUCCESS,96.7418,Accepted,TRUE
latest-time-you-can-obtain-after-replacing-characters,908,908,90.1236,SUCCESS,35.3087,Accepted,TRUE
existence-of-a-substring-in-a-string-and-its-reverse,719,719,100,SUCCESS,97.9069,Accepted,TRUE
maximum-length-substring-with-two-occurrences,709,709,19.8541,SUCCESS,36.6424,Accepted,TRUE
distribute-elements-into-two-arrays-i,622,622,100,SUCCESS,49.6184,Accepted,TRUE
apple-redistribution-into-boxes,565,565,100,SUCCESS,84.5606,Accepted,TRUE
minimum-operations-to-exceed-threshold-value-i,724,724,100,SUCCESS,35.9109,Accepted,TRUE
split-the-array,715,715,52.6395,SUCCESS,70.1358,Accepted,TRUE
type-of-triangle,704,704,100,SUCCESS,82.5761,Accepted,TRUE
maximum-number-of-operations-with-the-same-score-i,559,559,100,SUCCESS,48.3253,Accepted,TRUE
number-of-changing-keys,802,802,100,SUCCESS,34.357,Accepted,TRUE
ant-on-the-boundary,641,641,72.0451,SUCCESS,94.5591,Accepted,TRUE
count-prefix-and-suffix-pairs-i,594,594,90.9546,SUCCESS,39.1959,Accepted,TRUE
minimum-number-of-pushes-to-type-word-i,500,500,100,SUCCESS,58.5367,Accepted,TRUE
count-the-number-of-incremovable-subarrays-i,615,615,63.6375,SUCCESS,43.3884,Accepted,TRUE
maximum-area-of-longest-diagonal-rectangle,816,816,100,SUCCESS,95.6967,Accepted,TRUE
check-if-bitwise-or-has-trailing-zeros,916,916,100,SUCCESS,45.9017,Accepted,TRUE
count-elements-with-maximum-frequency,623,623,100,SUCCESS,97.776,Accepted,TRUE
smallest-missing-integer-greater-than-sequential-prefix-sum,616,616,100,SUCCESS,83.0259,Accepted,TRUE
find-missing-and-repeated-values,584,584,92.8924,SUCCESS,85.6615,Accepted,TRUE
minimum-number-game,804,804,100,SUCCESS,56.8334,Accepted,TRUE
find-the-peaks,648,648,34.629,SUCCESS,56.7137,Accepted,TRUE
count-tested-devices-after-test-operations,520,520,21.4072,SUCCESS,86.217,Accepted,TRUE
make-three-strings-equal,1935,1935,25.9385,SUCCESS,92.1502,Accepted,TRUE
find-common-elements-between-two-arrays,1208,1208,81.1696,SUCCESS,83.6257,Accepted,TRUE
find-words-containing-character,912,912,100,SUCCESS,90.8227,Accepted,TRUE
maximum-strong-pair-xor-i,861,861,66.4739,SUCCESS,97.8805,Accepted,TRUE
find-champion-i,587,587,100,SUCCESS,31.2355,Accepted,TRUE
find-the-k-or-of-an-array,951,951,86.8851,SUCCESS,91.3934,Accepted,TRUE
divisible-and-non-divisible-sums-difference,737,737,100,SUCCESS,98.7063,Accepted,TRUE
find-indices-with-index-and-value-difference-i,525,525,42.0212,SUCCESS,64.0958,Accepted,TRUE
last-visited-integers,706,706,100,SUCCESS,14.5349,Accepted,TRUE
subarrays-distinct-element-sum-of-squares-i,707,707,92.0753,SUCCESS,46.4151,Accepted,TRUE
maximum-value-of-an-ordered-triplet-i,564,564,35.7936,SUCCESS,14.9158,Accepted,TRUE
longest-unequal-adjacent-groups-subsequence-i,382,382,5.2678,SUCCESS,40.7621,Accepted,TRUE
minimum-operations-to-collect-elements,619,619,100,SUCCESS,14.3356,Accepted,TRUE
points-that-intersect-with-cars,807,807,79.513,SUCCESS,66.3324,Accepted,TRUE
furthest-point-from-origin,1252,1252,100,SUCCESS,57.3426,Accepted,TRUE
count-symmetric-integers,1967,1967,32.5729,SUCCESS,49.6624,Accepted,TRUE
account-balance-after-rounded-purchase,101,101,100,SUCCESS,53.4091,Accepted,TRUE
count-pairs-whose-sum-is-less-than-target,707,707,29.4609,SUCCESS,56.4174,Accepted,TRUE
max-pair-sum-in-an-array,3008,3008,95.9768,SUCCESS,35.9195,Accepted,TRUE
check-if-array-is-good,805,805,100,SUCCESS,74.2039,Accepted,TRUE
faulty-keyboard,3005,3005,20.5318,SUCCESS,15.3618,Accepted,TRUE
split-strings-by-separator,1036,1036,64.2978,SUCCESS,40.1016,Accepted,TRUE
number-of-employees-who-met-the-target,707,707,10.8911,SUCCESS,32.5082,Accepted,TRUE
longest-alternating-subarray,2880,2880,25.2741,SUCCESS,76.3736,Accepted,TRUE
longest-even-odd-subarray-with-threshold,6873,6873,22.8715,SUCCESS,95.1339,Accepted,TRUE
total-distance-traveled,10000,10000,30.6929,SUCCESS,64.6864,Accepted,TRUE
find-maximum-number-of-string-pairs,659,659,65.4221,SUCCESS,82.9547,Accepted,TRUE
sum-of-squares-of-special-elements,1437,1437,100,SUCCESS,44.6009,Accepted,TRUE
neither-minimum-nor-maximum,9558,9558,53.0665,SUCCESS,9.1999,Accepted,TRUE
number-of-beautiful-pairs,3005,3005,88.4619,SUCCESS,10.8974,Accepted,TRUE
minimize-string-length,5013,5013,68.3673,SUCCESS,96.5306,Accepted,TRUE
lexicographically-smallest-palindrome,4519,4519,90.5097,SUCCESS,49.0334,Accepted,TRUE
find-the-maximum-achievable-number,2502,2502,100,SUCCESS,79.4922,Accepted,TRUE
find-the-losers-of-the-circular-game,1277,1277,79,SUCCESS,48,Accepted,TRUE
semi-ordered-permutation,1977,1977,100,SUCCESS,30.7693,Accepted,TRUE
find-the-distinct-difference-array,4512,4512,98.3819,SUCCESS,89.9677,Accepted,TRUE
maximum-sum-with-exactly-k-elements,3004,3004,100,SUCCESS,52.3595,Accepted,TRUE
buy-two-chocolates,2003,2003,17.8031,SUCCESS,16.0354,Accepted,TRUE
sum-multiples,1000,1000,64.4929,SUCCESS,67.1843,Accepted,TRUE
calculate-delayed-arrival-time,556,556,100,SUCCESS,59.5505,Accepted,TRUE
row-with-maximum-ones,1049,1049,62.2723,SUCCESS,22.5079,Accepted,TRUE
number-of-senior-citizens,303,303,100,SUCCESS,20.5001,Accepted,TRUE
find-the-longest-balanced-substring-of-a-binary-string,1848,1848,37.1727,SUCCESS,31.9371,Accepted,TRUE
prime-in-diagonal,82,82,100,SUCCESS,44.156,Accepted,TRUE
k-items-with-the-maximum-sum,1310,1310,100,SUCCESS,87.9765,Accepted,TRUE
left-and-right-sum-differences,53,53,46.8098,SUCCESS,55.4603,Accepted,TRUE
merge-two-2d-arrays-by-summing-values,39,39,22.483,SUCCESS,16.9568,Accepted,TRUE
find-the-array-concatenation-value,53,53,72.3493,SUCCESS,34.0957,Accepted,TRUE
find-the-maximum-divisibility-score,160,160,64.8,SUCCESS,90,Accepted,TRUE
take-gifts-from-the-richest-pile,103,103,83.4441,SUCCESS,10.1728,Accepted,TRUE
count-distinct-numbers-on-board,100,100,100,SUCCESS,78.1819,Accepted,TRUE
find-the-width-of-columns-of-a-grid,50,50,96.4584,SUCCESS,69.7918,Accepted,TRUE
form-smallest-number-from-two-digit-arrays,388,388,11.1112,SUCCESS,11.1112,Accepted,TRUE
distribute-money-to-maximum-children,3802,3802,100,SUCCESS,21.4286,Accepted,TRUE
number-of-even-and-odd-bits,1003,1003,100,SUCCESS,18.8992,Accepted,TRUE
count-the-number-of-vowel-strings-in-range,1053,1053,100,SUCCESS,33.657,Accepted,TRUE
pass-the-pillow,68,68,100,SUCCESS,90.5229,Accepted,TRUE
separate-the-digits-in-an-array,52,52,85.0364,SUCCESS,52.5546,Accepted,TRUE
minimum-common-value,41,41,91.2305,SUCCESS,29.0633,Accepted,TRUE
alternating-digit-sum,118,118,100,SUCCESS,14.5252,Accepted,TRUE
difference-between-element-sum-and-digit-sum-of-an-array,142,142,31.8396,SUCCESS,72.0822,Accepted,TRUE
categorize-box-according-to-criteria,50,50,100,SUCCESS,36.8421,Accepted,TRUE
maximum-count-of-positive-integer-and-negative-integer,169,169,100,SUCCESS,71.2316,Accepted,TRUE
count-the-digits-that-divide-a-number,56,56,100,SUCCESS,98.3936,Accepted,TRUE
maximum-enemy-forts-that-can-be-captured,45,45,100,SUCCESS,41.1951,Accepted,TRUE
shortest-distance-to-target-string-in-a-circular-array,164,164,100,SUCCESS,98.2684,Accepted,TRUE
count-pairs-of-similar-strings,225,225,32.5692,SUCCESS,27.6759,Accepted,TRUE
maximum-value-of-a-string-in-an-array,64,64,100,SUCCESS,51.6484,Accepted,TRUE
delete-greatest-value-in-each-row,55,55,93.9464,SUCCESS,82.0722,Accepted,TRUE
circular-sentence,266,266,100,SUCCESS,81.7699,Accepted,TRUE
minimum-cuts-to-divide-a-circle,100,100,2.005,SUCCESS,56.391,Accepted,TRUE
find-the-pivot-integer,428,428,55.9171,SUCCESS,39.7435,Accepted,TRUE
number-of-unequal-triplets-in-array,104,104,70.6514,SUCCESS,58.6994,Accepted,TRUE
number-of-distinct-averages,36,36,100,SUCCESS,24.0983,Accepted,TRUE
convert-the-temperature,74,74,100,SUCCESS,84.7265,Accepted,TRUE
apply-operations-to-an-array,36,36,100,SUCCESS,7.0345,Accepted,TRUE
average-value-of-even-numbers-that-are-divisible-by-three,181,181,33.5272,SUCCESS,27.7132,Accepted,TRUE
remove-letter-to-equalize-frequency,50,50,16.4138,SUCCESS,88.4138,Accepted,TRUE
number-of-valid-clock-times,53,53,100,SUCCESS,36.478,Accepted,TRUE
largest-positive-integer-that-exists-with-its-negative,339,339,100,SUCCESS,29.3651,Accepted,TRUE
the-employee-that-worked-on-the-longest-task,514,514,78.5714,SUCCESS,22.3214,Accepted,TRUE
number-of-common-factors,76,76,100,SUCCESS,22.6376,Accepted,TRUE
count-days-spent-together,51,51,100,SUCCESS,90.1042,Accepted,TRUE
smallest-even-multiple,150,150,100,SUCCESS,36.2411,Accepted,TRUE
most-frequent-even-element,219,219,53.2481,SUCCESS,94.9803,Accepted,TRUE
find-subarrays-with-equal-sum,42,42,100,SUCCESS,43.5727,Accepted,TRUE
check-distances-between-same-letters,335,335,100,SUCCESS,36.6438,Accepted,TRUE
longest-subsequence-with-limited-sum,57,57,65.7516,SUCCESS,25.4248,Accepted,TRUE
minimum-recolors-to-get-k-consecutive-black-blocks,122,122,12.796,SUCCESS,60.0768,Accepted,TRUE
minimum-hours-of-training-to-win-a-competition,111,111,100,SUCCESS,79.3104,Accepted,TRUE
largest-local-values-in-a-matrix,50,50,96.2247,SUCCESS,85.2856,Accepted,TRUE
merge-similar-items,49,49,100,SUCCESS,80.7228,Accepted,TRUE
number-of-arithmetic-triplets,104,104,100,SUCCESS,58.1321,Accepted,TRUE
make-array-zero-by-subtracting-equal-amounts,95,95,100,SUCCESS,52.2909,Accepted,TRUE
best-poker-hand,98,98,100,SUCCESS,37.2602,Accepted,TRUE
first-letter-to-appear-twice,92,92,100,SUCCESS,99.2298,Accepted,TRUE
maximum-number-of-pairs-in-array,128,128,15.0851,SUCCESS,37.2262,Accepted,TRUE
evaluate-boolean-binary-tree,75,75,100,SUCCESS,45.3948,Accepted,TRUE
minimum-amount-of-time-to-fill-cups,280,280,100,SUCCESS,81.3954,Accepted,TRUE
decode-the-message,69,69,53.3108,SUCCESS,46.2649,Accepted,TRUE
count-asterisks,69,69,100,SUCCESS,60.1279,Accepted,TRUE
check-if-matrix-is-x-matrix,84,84,70.2778,SUCCESS,70.5556,Accepted,TRUE
min-max-game,96,96,25.8171,SUCCESS,40.8497,Accepted,TRUE
root-equals-sum-of-children,309,309,100,SUCCESS,24.162,Accepted,TRUE
add-two-integers,262,262,100,SUCCESS,71.81,Accepted,TRUE
check-if-number-has-equal-digit-count-and-digit-value,433,433,100,SUCCESS,86.46,Accepted,TRUE
rearrange-characters-to-make-target-string,116,116,100,SUCCESS,88.5057,Accepted,TRUE
calculate-digit-sum-of-a-string,121,121,100,SUCCESS,98.8806,Accepted,TRUE
find-closest-number-to-zero,227,227,22.7052,SUCCESS,45.898,Accepted,TRUE
largest-3-same-digit-number-in-string,141,141,18.555,SUCCESS,41.0509,Accepted,TRUE
minimum-number-of-operations-to-convert-time,256,256,100,SUCCESS,89.5623,Accepted,TRUE
count-prefixes-of-a-given-string,123,123,100,SUCCESS,29.3135,Accepted,TRUE
remove-digit-from-number-to-maximize-result,112,112,100,SUCCESS,10.5702,Accepted,TRUE
intersection-of-multiple-arrays,151,151,100,SUCCESS,69.4482,Accepted,TRUE
minimum-bit-flips-to-convert-number,250,250,100,SUCCESS,33.6156,Accepted,TRUE
find-all-k-distant-indices-in-an-array,87,87,42.9271,SUCCESS,27.317,Accepted,TRUE
count-hills-and-valleys-in-an-array,121,121,100,SUCCESS,63.0986,Accepted,TRUE
most-frequent-number-following-key-in-an-array,101,101,42.4243,SUCCESS,87.8788,Accepted,TRUE
divide-array-into-equal-pairs,137,137,68.1967,SUCCESS,72.6777,Accepted,TRUE
count-integers-with-even-digit-sum,71,71,27.77,SUCCESS,89.2005,Accepted,TRUE
counting-words-with-a-given-prefix,95,95,100,SUCCESS,44.4235,Accepted,TRUE
count-operations-to-obtain-zero,161,161,80.1642,SUCCESS,15.7276,Accepted,TRUE
sort-even-and-odd-indices-independently,218,218,100,SUCCESS,84.9641,Accepted,TRUE
count-equal-and-divisible-pairs-in-an-array,238,238,64.5307,SUCCESS,31.9371,Accepted,TRUE
count-elements-with-strictly-smaller-and-greater-elements,127,127,100,SUCCESS,16.3317,Accepted,TRUE
minimum-sum-of-four-digit-number-after-splitting-digits,99,99,100,SUCCESS,94.933,Accepted,TRUE
divide-a-string-into-groups-of-size-k,157,157,100,SUCCESS,65.7492,Accepted,TRUE
check-if-every-row-and-column-contains-all-numbers,227,227,52.2631,SUCCESS,76.3374,Accepted,TRUE
a-number-after-a-double-reversal,129,129,100,SUCCESS,82.9612,Accepted,TRUE
capitalize-the-title,200,200,100,SUCCESS,6.6406,Accepted,TRUE
find-first-palindromic-string-in-the-array,266,266,100,SUCCESS,80.7345,Accepted,TRUE
rings-and-rods,66,66,100,SUCCESS,30.8641,Accepted,TRUE
maximum-number-of-words-found-in-sentences,90,90,100,SUCCESS,80.3878,Accepted,TRUE
finding-3-digit-even-numbers,79,79,68.8474,SUCCESS,43.2722,Accepted,TRUE
find-target-indices-after-sorting-array,216,216,100,SUCCESS,57.0697,Accepted,TRUE
find-subsequence-of-length-k-with-the-largest-sum,49,49,83.6653,SUCCESS,93.2271,Accepted,TRUE
two-furthest-houses-with-different-colors,126,126,32.7749,SUCCESS,57.1728,Accepted,TRUE
time-needed-to-buy-tickets,65,65,52.3086,SUCCESS,36.5127,Accepted,TRUE
count-common-words-with-one-occurrence,61,61,100,SUCCESS,24.3921,Accepted,TRUE
count-vowel-substrings-of-a-string,88,88,27.0898,SUCCESS,82.2388,Accepted,TRUE
smallest-index-with-equal-value,663,663,100,SUCCESS,72.679,Accepted,TRUE
number-of-valid-words-in-a-sentence,244,244,49.4648,SUCCESS,97.6445,Accepted,TRUE
check-if-numbers-are-ascending-in-a-sentence,98,98,100,SUCCESS,31.5385,Accepted,TRUE
kth-distinct-string-in-an-array,66,66,68.1016,SUCCESS,67.7488,Accepted,TRUE
two-out-of-three,288,288,100,SUCCESS,35.3798,Accepted,TRUE
minimum-moves-to-convert-string,55,55,100,SUCCESS,52.6957,Accepted,TRUE
maximum-difference-between-increasing-elements,54,54,100,SUCCESS,89.1815,Accepted,TRUE
final-value-of-variable-after-performing-operations,259,259,100,SUCCESS,60.9747,Accepted,TRUE
convert-1d-array-into-2d-array,107,107,52.4815,SUCCESS,94.665,Accepted,TRUE
reverse-prefix-of-word,112,112,100,SUCCESS,84.8391,Accepted,TRUE
count-special-quadruplets,211,211,49.2186,SUCCESS,57.7244,Accepted,TRUE
find-if-path-exists-in-graph,34,34,92.6915,SUCCESS,94.3255,Accepted,TRUE
count-number-of-pairs-with-absolute-difference-k,237,237,100,SUCCESS,18.4794,Accepted,TRUE
find-greatest-common-divisor-of-array,215,215,7.9411,SUCCESS,73.0001,Accepted,TRUE
find-the-middle-index-in-array,294,294,100,SUCCESS,18.5876,Accepted,TRUE
number-of-strings-that-appear-as-substrings-in-word,82,82,100,SUCCESS,72.4018,Accepted,TRUE
check-if-string-is-a-prefix-of-array,349,349,100,SUCCESS,91.7671,Accepted,TRUE
three-divisors,228,228,100,SUCCESS,18.4764,Accepted,TRUE
concatenation-of-array,92,92,22.2698,SUCCESS,69.8905,Accepted,TRUE
check-if-all-characters-have-equal-number-of-occurrences,134,134,100,SUCCESS,25.7561,Accepted,TRUE
build-array-from-permutation,140,140,54.5647,SUCCESS,32.7798,Accepted,TRUE
maximum-product-difference-between-two-pairs,96,96,25.1457,SUCCESS,60.1863,Accepted,TRUE
count-square-sum-triples,91,91,28.7265,SUCCESS,81.3285,Accepted,TRUE
redistribute-characters-to-make-all-strings-equal,179,179,61.7349,SUCCESS,86.7347,Accepted,TRUE
remove-one-element-to-make-the-array-strictly-increasing,109,109,100,SUCCESS,15.6146,Accepted,TRUE
determine-whether-matrix-can-be-obtained-by-rotation,113,113,100,SUCCESS,58.0499,Accepted,TRUE
check-if-all-the-integers-in-a-range-are-covered,106,106,100,SUCCESS,88.064,Accepted,TRUE
longer-contiguous-segments-of-ones-than-zeros,141,141,100,SUCCESS,80.1419,Accepted,TRUE
sum-of-all-subset-xor-totals,48,48,13.3008,SUCCESS,42.6807,Accepted,TRUE
substrings-of-size-three-with-distinct-characters,160,160,100,SUCCESS,96.3792,Accepted,TRUE
maximum-population-year,53,53,100,SUCCESS,66.7782,Accepted,TRUE
sum-of-digits-in-base-k,65,65,100,SUCCESS,98.1558,Accepted,TRUE
check-if-the-sentence-is-pangram,79,79,100,SUCCESS,96.5322,Accepted,TRUE
sign-of-the-product-of-an-array,76,76,100,SUCCESS,63.942,Accepted,TRUE
truncate-sentence,72,72,1.3388,SUCCESS,31.5138,Accepted,TRUE
minimum-operations-to-make-the-array-increasing,94,94,39.2724,SUCCESS,9.4103,Accepted,TRUE
number-of-different-integers-in-a-string,85,85,100,SUCCESS,34.9443,Accepted,TRUE
maximum-ascending-subarray-sum,104,104,100,SUCCESS,97.2433,Accepted,TRUE
find-center-of-star-graph,61,61,100,SUCCESS,79.6502,Accepted,TRUE
check-if-one-string-swap-can-make-strings-equal,137,137,100,SUCCESS,58.7135,Accepted,TRUE
second-largest-digit-in-a-string,301,301,100,SUCCESS,54.0541,Accepted,TRUE
count-items-matching-a-rule,92,92,100,SUCCESS,53.056,Accepted,TRUE
merge-strings-alternately,108,108,56.4418,SUCCESS,73.853,Accepted,TRUE
minimum-changes-to-make-alternating-binary-string,89,89,87.0564,SUCCESS,62.4217,Accepted,TRUE
check-if-array-is-sorted-and-rotated,112,112,100,SUCCESS,36.659,Accepted,TRUE
longest-nice-substring,73,73,73.0665,SUCCESS,40.0363,Accepted,TRUE
latest-time-by-replacing-hidden-digits,159,159,100,SUCCESS,83.0189,Accepted,TRUE
sum-of-unique-elements,73,73,100,SUCCESS,33.0769,Accepted,TRUE
maximum-number-of-balls-in-a-box,97,97,72.7272,SUCCESS,25.7576,Accepted,TRUE
number-of-rectangles-that-can-form-the-largest-square,68,68,81.7911,SUCCESS,97.3134,Accepted,TRUE
decode-xored-array,76,76,100,SUCCESS,62.7054,Accepted,TRUE
find-the-highest-altitude,80,80,100,SUCCESS,81.838,Accepted,TRUE
maximum-units-on-a-truck,77,77,92.0565,SUCCESS,96.4696,Accepted,TRUE
determine-if-string-halves-are-alike,113,113,100,SUCCESS,22.3663,Accepted,TRUE
calculate-money-in-leetcode-bank,106,106,51.6129,SUCCESS,98.0149,Accepted,TRUE
reformat-phone-number,108,108,12.9533,SUCCESS,81.3471,Accepted,TRUE
count-of-matches-in-tournament,200,200,89.6698,SUCCESS,29.5512,Accepted,TRUE
number-of-students-unable-to-eat-lunch,55,55,100,SUCCESS,89.7933,Accepted,TRUE
goal-parser-interpretation,105,105,19.7825,SUCCESS,89.6043,Accepted,TRUE
richest-customer-wealth,34,34,100,SUCCESS,85.7399,Accepted,TRUE
count-the-number-of-consistent-strings,74,74,91.6206,SUCCESS,98.6167,Accepted,TRUE
design-an-ordered-stream,101,101,6.0775,SUCCESS,26.1511,Accepted,TRUE
get-maximum-in-generated-array,101,101,100,SUCCESS,66.6667,Accepted,TRUE
maximum-repeating-substring,212,212,100,SUCCESS,37.1115,Accepted,TRUE
check-array-formation-through-concatenation,85,85,25,SUCCESS,89.7321,Accepted,TRUE
defuse-the-bomb,74,74,42.4908,SUCCESS,53.4799,Accepted,TRUE
slowest-key,109,109,53.4005,SUCCESS,77.33,Accepted,TRUE
largest-substring-between-two-equal-characters,58,58,100,SUCCESS,52.8344,Accepted,TRUE
widest-vertical-area-between-two-points-containing-no-points,55,55,91.6541,SUCCESS,44.7649,Accepted,TRUE
maximum-nesting-depth-of-the-parentheses,168,168,100,SUCCESS,29.3257,Accepted,TRUE
properties-graph,668,668,90.676,SUCCESS,73.3119,Accepted,TRUE
design-spreadsheet,658,658,84.0784,SUCCESS,70.6618,Accepted,TRUE
longest-palindromic-subsequence-after-at-most-k-operations,550,550,9.3016,SUCCESS,15.5032,Accepted,TRUE
choose-k-elements-with-maximum-sum,635,635,64.825,SUCCESS,79.3971,Accepted,TRUE
sort-matrix-by-diagonals,1306,1306,87.8307,SUCCESS,99.4709,Accepted,TRUE
reschedule-meetings-for-maximum-free-time-i,689,689,95.0179,SUCCESS,75.8007,Accepted,TRUE
design-task-manager,663,663,59.9077,SUCCESS,86.0349,Accepted,TRUE
count-paths-with-the-given-xor-value,585,585,82.114,SUCCESS,69.919,Accepted,TRUE
total-characters-in-string-after-transformations-i,824,824,7.3836,SUCCESS,44.3115,Accepted,TRUE
maximum-number-of-distinct-elements-after-operations,633,633,46.9678,SUCCESS,79.2929,Accepted,TRUE
maximize-amount-after-two-days-of-conversions,767,767,30.5033,SUCCESS,44.6541,Accepted,TRUE
rearrange-k-substrings-to-form-target-string,771,771,98.434,SUCCESS,9.8984,Accepted,TRUE
find-the-maximum-factor-score-of-array,752,752,47.7268,SUCCESS,24.9999,Accepted,TRUE
shift-distance-between-two-strings,741,741,18.7078,SUCCESS,66.9065,Accepted,TRUE
maximum-points-tourist-can-earn,545,545,98.6014,SUCCESS,90.9091,Accepted,TRUE
maximum-possible-number-by-binary-concatenation,752,752,50.4425,SUCCESS,14.1592,Accepted,TRUE
count-of-substrings-containing-every-vowel-and-k-consonants-i,815,815,45.0004,SUCCESS,74.9999,Accepted,TRUE
find-the-sequence-of-strings-appeared-on-the-screen,742,742,8.6948,SUCCESS,100,Accepted,TRUE
remove-methods-from-project,775,775,15.5719,SUCCESS,19.6718,Accepted,TRUE
report-spam-message,526,526,94.0169,SUCCESS,71.7944,Accepted,TRUE
minimum-number-of-flips-to-make-binary-grid-palindromic-i,625,625,96,SUCCESS,19.2,Accepted,TRUE
maximum-energy-boost-from-two-drinks,563,563,53.7915,SUCCESS,61.3789,Accepted,TRUE
maximum-multiplication-score,675,675,99.115,SUCCESS,54.8667,Accepted,TRUE
delete-nodes-from-linked-list-present-in-array,582,582,99.3884,SUCCESS,82.5688,Accepted,TRUE
minimum-number-of-seconds-to-make-mountain-height-zero,571,571,13.4305,SUCCESS,84.3284,Accepted,TRUE
minimum-cost-for-cutting-cake-i,533,533,53.6082,SUCCESS,59.7938,Accepted,TRUE
count-the-number-of-good-nodes,621,621,16.2297,SUCCESS,93.506,Accepted,TRUE
maximize-score-of-numbers-in-ranges,686,686,10.003,SUCCESS,5.3846,Accepted,TRUE
minimum-operations-to-make-binary-array-elements-equal-to-one-ii,691,691,24.242,SUCCESS,85.4545,Accepted,TRUE
find-the-minimum-area-to-cover-all-ones-i,712,712,78.9865,SUCCESS,36.9564,Accepted,TRUE
string-compression-iii,744,744,59.142,SUCCESS,39.9996,Accepted,TRUE
maximum-total-reward-using-operations-i,586,586,90.1513,SUCCESS,84.8484,Accepted,TRUE
maximum-total-damage-with-spell-casting,554,554,78.966,SUCCESS,77.5861,Accepted,TRUE
find-the-number-of-distinct-colors-among-the-balls,551,551,85.0204,SUCCESS,58.0974,Accepted,TRUE
count-days-without-meetings,578,578,35.78,SUCCESS,26.551,Accepted,TRUE
special-array-ii,536,536,58.2397,SUCCESS,80.8988,Accepted,TRUE
find-the-n-th-value-after-k-seconds,708,708,44.2409,SUCCESS,47.2727,Accepted,TRUE
find-occurrences-of-an-element-in-an-array,527,527,62.5515,SUCCESS,83.5392,Accepted,TRUE
maximum-points-inside-the-square,576,576,78.2253,SUCCESS,66.9355,Accepted,TRUE
count-pairs-that-form-a-complete-day-ii,714,714,37.4183,SUCCESS,6.4514,Accepted,TRUE
sum-of-digit-differences-of-all-pairs,643,643,77.6,SUCCESS,16.8,Accepted,TRUE
find-the-first-player-to-win-k-games-in-a-row,684,684,47.4574,SUCCESS,85.5932,Accepted,TRUE
find-the-integer-added-to-array-ii,560,560,14.6516,SUCCESS,8.9172,Accepted,TRUE
minimum-rectangles-to-cover-points,966,966,51.2195,SUCCESS,69.5118,Accepted,TRUE
minimum-time-to-visit-disappearing-nodes,534,534,47.2205,SUCCESS,24.4438,Accepted,TRUE
right-triangles,637,637,46.9966,SUCCESS,81.4208,Accepted,TRUE
minimum-operations-to-make-median-of-array-equal-to-k,723,723,83.1521,SUCCESS,30.9779,Accepted,TRUE
minimum-number-of-operations-to-make-word-k-periodic,820,820,68.0854,SUCCESS,6.3828,Accepted,TRUE
taking-maximum-energy-from-the-mystic-dungeon,533,533,86.2897,SUCCESS,48.3869,Accepted,TRUE
count-alternating-subarrays,789,789,93.0771,SUCCESS,31.923,Accepted,TRUE
maximum-prime-difference,904,904,68.7499,SUCCESS,35.5769,Accepted,TRUE
most-frequent-ids,623,623,54.3308,SUCCESS,53.5434,Accepted,TRUE
shortest-uncommon-substring-in-an-array,631,631,84.7403,SUCCESS,96.6474,Accepted,TRUE
minimum-levels-to-gain-more-points,855,855,46.9236,SUCCESS,76.1539,Accepted,TRUE
count-submatrices-with-top-left-element-and-sum-less-than-k,859,859,71.8226,SUCCESS,23.7568,Accepted,TRUE
count-substrings-starting-and-ending-with-given-character,669,669,100,SUCCESS,62.3457,Accepted,TRUE
minimum-operations-to-exceed-threshold-value-ii,676,676,5.1952,SUCCESS,8.7664,Accepted,TRUE
find-the-length-of-the-longest-common-prefix,718,718,39.8676,SUCCESS,56.1186,Accepted,TRUE
apply-operations-to-make-sum-of-array-greater-than-or-equal-to-k,658,658,100,SUCCESS,45.8716,Accepted,TRUE
count-pairs-of-connectable-servers-in-a-weighted-tree-network,716,716,44.5632,SUCCESS,100,Accepted,TRUE
maximum-number-of-operations-with-the-same-score-ii,549,549,5.4536,SUCCESS,52.7268,Accepted,TRUE
maximum-palindromes-after-operations,507,507,38.0432,SUCCESS,65.2174,Accepted,TRUE
most-frequent-prime,974,974,30.8265,SUCCESS,66.9173,Accepted,TRUE
mark-elements-on-array-by-performing-queries,661,661,5.512,SUCCESS,81.1024,Accepted,TRUE
minimum-time-to-revert-word-to-initial-state-i,769,769,100,SUCCESS,61.1941,Accepted,TRUE
earliest-second-to-mark-indices-i,570,570,71.875,SUCCESS,51.5625,Accepted,TRUE
alice-and-bob-playing-flower-game,537,537,100,SUCCESS,10.6383,Accepted,TRUE
minimum-number-of-pushes-to-type-word-ii,877,877,48.5202,SUCCESS,92.0119,Accepted,TRUE
count-the-number-of-houses-at-a-certain-distance-i,880,880,90.5512,SUCCESS,36.2206,Accepted,TRUE
number-of-subarrays-that-match-a-pattern-i,792,792,18.9258,SUCCESS,64.7058,Accepted,TRUE
find-longest-special-substring-that-occurs-thrice-ii,906,906,79.9061,SUCCESS,33.6443,Accepted,TRUE
maximum-square-area-by-removing-fences-from-a-field,648,648,35.7118,SUCCESS,51.7852,Accepted,TRUE
minimum-number-of-operations-to-make-array-xor-equal-to-k,684,684,67.1358,SUCCESS,51.6432,Accepted,TRUE
find-beautiful-indices-in-the-given-array-i,535,535,84.6388,SUCCESS,66.717,Accepted,TRUE
minimize-length-of-array-using-operations,523,523,79.4116,SUCCESS,67.647,Accepted,TRUE
divide-array-into-arrays-with-max-difference,1117,1117,74.0089,SUCCESS,56.3878,Accepted,TRUE
maximum-number-that-sum-of-the-prices-is-less-than-or-equal-to-k,932,932,43.1368,SUCCESS,9.8039,Accepted,TRUE
minimum-number-of-operations-to-make-x-and-y-equal,948,948,25.3969,SUCCESS,59.7884,Accepted,TRUE
minimum-number-of-coins-to-be-added,628,628,80.9918,SUCCESS,71.0744,Accepted,TRUE
remove-adjacent-almost-equal-characters,779,779,100,SUCCESS,56.8966,Accepted,TRUE
length-of-longest-subarray-with-at-most-k-frequency,993,993,81.9885,SUCCESS,71.5566,Accepted,TRUE
make-lexicographically-smallest-array-by-swapping-elements,523,523,66.8378,SUCCESS,98.7145,Accepted,TRUE
maximize-area-of-square-hole-in-grid,524,524,8.9886,SUCCESS,48.3146,Accepted,TRUE
count-beautiful-substrings-i,619,619,62.6075,SUCCESS,99.1304,Accepted,TRUE
high-access-employees,1143,1143,46.3942,SUCCESS,21.6345,Accepted,TRUE
find-champion-ii,758,758,54.1174,SUCCESS,33.476,Accepted,TRUE
minimum-increment-operations-to-make-array-beautiful,570,570,49.495,SUCCESS,39.394,Accepted,TRUE
minimum-number-of-changes-to-make-binary-string-beautiful,577,577,77.8062,SUCCESS,64.5408,Accepted,TRUE
minimum-number-of-groups-to-create-a-valid-assignment,631,631,96.4912,SUCCESS,54.3859,Accepted,TRUE
maximum-value-of-an-ordered-triplet-ii,599,599,72.1853,SUCCESS,97.2923,Accepted,TRUE
minimum-processing-time,716,716,63.1576,SUCCESS,51.5786,Accepted,TRUE
shortest-and-lexicographically-smallest-beautiful-string,674,674,9.3749,SUCCESS,89.7321,Accepted,TRUE
longest-unequal-adjacent-groups-subsequence-ii,443,443,29.4491,SUCCESS,68.076,Accepted,TRUE
beautiful-towers-i,785,785,59.391,SUCCESS,64.9747,Accepted,TRUE
beautiful-towers-ii,785,785,99.0909,SUCCESS,66.3635,Accepted,TRUE
length-of-the-longest-subsequence-that-sums-to-target,941,941,94.8121,SUCCESS,89.8585,Accepted,TRUE
maximum-number-of-alloys,731,731,68.841,SUCCESS,58.6957,Accepted,TRUE
minimum-number-of-operations-to-make-array-empty,748,748,31.549,SUCCESS,31.5492,Accepted,TRUE
minimum-array-length-after-pair-removals,636,636,57.506,SUCCESS,90.0762,Accepted,TRUE
split-array-into-maximum-number-of-subarrays,887,887,57.692,SUCCESS,78.2051,Accepted,TRUE
determine-if-a-cell-is-reachable-at-a-given-time,806,806,64.4473,SUCCESS,13.8775,Accepted,TRUE
minimum-operations-to-make-a-special-number,814,814,100,SUCCESS,56,Accepted,TRUE
find-the-minimum-possible-sum-of-a-beautiful-array,577,577,100,SUCCESS,40.7407,Accepted,TRUE
make-string-a-subsequence-using-cyclic-increments,1128,1128,82.1586,SUCCESS,74.8898,Accepted,TRUE
maximize-the-profit-as-the-salesman,435,435,96.9232,SUCCESS,96.9231,Accepted,TRUE
check-if-strings-can-be-made-equal-with-operations-ii,752,752,53.763,SUCCESS,5.3762,Accepted,TRUE
maximum-sum-of-almost-unique-subarray,767,767,55.8727,SUCCESS,53.6508,Accepted,TRUE
count-pairs-of-points-with-distance-k,1007,1007,77.273,SUCCESS,59.0908,Accepted,TRUE
minimum-seconds-to-equalize-a-circular-array,579,579,35.3835,SUCCESS,58.4616,Accepted,TRUE
check-if-it-is-possible-to-split-array,531,531,100,SUCCESS,96.2617,Accepted,TRUE
count-of-interesting-subarrays,617,617,74.1759,SUCCESS,67.9745,Accepted,TRUE
insert-greatest-common-divisors-in-linked-list,582,582,36.5944,SUCCESS,95.2941,Accepted,TRUE
visit-array-positions-to-maximize-score,744,744,53.7983,SUCCESS,98.1013,Accepted,TRUE
maximum-beauty-of-an-array-after-applying-operation,622,622,50.8043,SUCCESS,69.7676,Accepted,TRUE
number-of-black-blocks,2145,2145,13.9204,SUCCESS,66.1555,Accepted,TRUE
minimum-index-of-a-valid-split,917,917,33.1755,SUCCESS,46.9682,Accepted,TRUE
ways-to-express-an-integer-as-sum-of-powers,1502,1502,79.0246,SUCCESS,82.9269,Accepted,TRUE
apply-operations-to-make-all-array-elements-equal-to-zero,1029,1029,90.3028,SUCCESS,92.1212,Accepted,TRUE
shortest-string-that-contains-three-strings,5324,5324,69.8626,SUCCESS,21.9179,Accepted,TRUE
prime-pairs-with-target-sum,554,554,90.6784,SUCCESS,5.0851,Accepted,TRUE
largest-element-in-an-array-after-merge-operations,1023,1023,73.2921,SUCCESS,83.2299,Accepted,TRUE
double-a-number-represented-as-a-linked-list,1265,1265,84.0105,SUCCESS,41.8782,Accepted,TRUE
longest-non-decreasing-subarray-from-two-arrays,2973,2973,71.6291,SUCCESS,73.0337,Accepted,TRUE
continuous-subarrays,2139,2139,82.5464,SUCCESS,64.5791,Accepted,TRUE
ways-to-split-array-into-good-subarrays,553,553,59.9996,SUCCESS,20.6448,Accepted,TRUE
count-complete-subarrays-in-an-array,1074,1074,13.1254,SUCCESS,75.4486,Accepted,TRUE
maximum-number-of-jumps-to-reach-the-last-index,2639,2639,93.464,SUCCESS,50.9804,Accepted,TRUE
decremental-string-concatenation,1332,1332,93.0555,SUCCESS,94.4444,Accepted,TRUE
construct-the-longest-new-string,2003,2003,100,SUCCESS,35.023,Accepted,TRUE
special-permutations,590,590,60.562,SUCCESS,15.4915,Accepted,TRUE
find-the-value-of-the-partition,806,806,90.9089,SUCCESS,26.6233,Accepted,TRUE
sum-of-matrix-after-queries,2688,2688,46.1535,SUCCESS,38.4615,Accepted,TRUE
minimum-operations-to-make-the-integer-zero,542,542,38.3333,SUCCESS,3.3333,Accepted,TRUE
relocate-marbles,2129,2129,50,SUCCESS,55.8333,Accepted,TRUE
find-the-longest-equal-subarray,1422,1422,48.9968,SUCCESS,16.8676,Accepted,TRUE
minimum-cost-to-make-all-characters-equal,1574,1574,71.25,SUCCESS,73.75,Accepted,TRUE
determine-the-minimum-sum-of-a-k-avoiding-array,2502,2502,51.8517,SUCCESS,59.8765,Accepted,TRUE
collecting-chocolates,2564,2564,53.6224,SUCCESS,98.5507,Accepted,TRUE
find-the-punishment-number-of-an-integer,216,216,46.9596,SUCCESS,72.694,Accepted,TRUE
difference-of-number-of-distinct-values-on-diagonals,709,709,34.375,SUCCESS,70.3125,Accepted,TRUE
maximum-number-of-moves-in-a-grid,814,814,17.5108,SUCCESS,67.7044,Accepted,TRUE
count-the-number-of-complete-components,3356,3356,7.2452,SUCCESS,61.2106,Accepted,TRUE
neighboring-bitwise-xor,1425,1425,26.1015,SUCCESS,25.7626,Accepted,TRUE
movement-of-robots,2567,2567,28.9161,SUCCESS,5.2209,Accepted,TRUE
find-the-longest-semi-repetitive-substring,12264,12264,10.1638,SUCCESS,36.3934,Accepted,TRUE
make-costs-of-paths-equal-in-a-binary-tree,1565,1565,85.9423,SUCCESS,76.6772,Accepted,TRUE
number-of-adjacent-elements-with-the-same-color,183,183,72.619,SUCCESS,40.0794,Accepted,TRUE
frequency-tracker,1118,1118,91.0446,SUCCESS,37.3135,Accepted,TRUE
find-the-prefix-common-array-of-two-arrays,1773,1773,93.1298,SUCCESS,22.3071,Accepted,TRUE
maximum-number-of-fish-in-a-grid,3842,3842,97.7488,SUCCESS,60.6635,Accepted,TRUE
sliding-subarray-beauty,717,717,39.2565,SUCCESS,97.7779,Accepted,TRUE
maximum-or,1215,1215,87.0588,SUCCESS,11.7647,Accepted,TRUE
sum-in-a-matrix,1057,1057,63.8888,SUCCESS,37.4999,Accepted,TRUE
mice-and-cheese,564,564,52.7206,SUCCESS,28.0338,Accepted,TRUE
convert-an-array-into-a-2d-array-with-conditions,1035,1035,56.6973,SUCCESS,43.4862,Accepted,TRUE
sum-of-distances,1068,1068,92.8144,SUCCESS,47.3056,Accepted,TRUE
minimize-the-maximum-difference-of-pairs,1582,1582,50.1835,SUCCESS,38.5456,Accepted,TRUE
minimum-operations-to-make-all-array-elements-equal,31,31,83.9691,SUCCESS,29.7707,Accepted,TRUE
prime-subtraction-operation,654,654,11.7977,SUCCESS,21.8288,Accepted,TRUE
find-the-divisibility-array-of-a-string,51,51,78.4921,SUCCESS,84.0782,Accepted,TRUE
find-the-maximum-number-of-marked-indices,68,68,46.7067,SUCCESS,32.3354,Accepted,TRUE
minimum-operations-to-reduce-an-integer-to-0,41,41,100,SUCCESS,38.8286,Accepted,TRUE
minimum-score-by-changing-two-elements,70,70,90.5882,SUCCESS,25.8822,Accepted,TRUE
minimum-impossible-or,73,73,98.374,SUCCESS,12.1953,Accepted,TRUE
substring-xor-queries,59,59,13.7248,SUCCESS,45.0976,Accepted,TRUE
count-the-number-of-fair-pairs,55,55,6.6964,SUCCESS,12.7813,Accepted,TRUE
the-number-of-beautiful-subsets,1308,1308,45.3423,SUCCESS,51.447,Accepted,TRUE
find-score-of-an-array-after-marking-all-elements,1044,1044,37.7982,SUCCESS,72.7426,Accepted,TRUE
count-vowel-strings-in-ranges,94,94,78.3295,SUCCESS,76.5238,Accepted,TRUE
house-robber-iv,64,64,86.512,SUCCESS,77.082,Accepted,TRUE
first-completely-painted-row-or-column,1058,1058,92.248,SUCCESS,47.0282,Accepted,TRUE
cousins-in-binary-tree-ii,41,41,53.4441,SUCCESS,93.3491,Accepted,TRUE
find-the-score-of-all-prefixes-of-an-array,43,43,73.8888,SUCCESS,32.222,Accepted,TRUE
maximize-win-from-two-segments,72,72,73.9502,SUCCESS,42.0169,Accepted,TRUE
make-k-subarray-sums-equal,1040,1040,11.1117,SUCCESS,88.889,Accepted,TRUE
find-the-substring-with-maximum-cost,1054,1054,59.6342,SUCCESS,86.6973,Accepted,TRUE
minimum-time-to-repair-cars,1072,1072,81.1238,SUCCESS,82.251,Accepted,TRUE
maximize-greatness-of-an-array,1072,1072,33.2884,SUCCESS,54.8994,Accepted,TRUE
smallest-missing-non-negative-integer-after-operations,1062,1062,70.5042,SUCCESS,57.5542,Accepted,TRUE
count-the-number-of-beautiful-subarrays,114,114,53.7639,SUCCESS,36.5592,Accepted,TRUE
rearrange-array-to-maximize-prefix-score,1071,1071,67.9084,SUCCESS,60.7451,Accepted,TRUE
count-ways-to-group-overlapping-ranges,32,32,30.058,SUCCESS,10.9827,Accepted,TRUE
count-total-number-of-colored-cells,94,94,100,SUCCESS,33.1353,Accepted,TRUE
kth-largest-sum-in-a-binary-tree,51,51,92.9121,SUCCESS,43.1433,Accepted,TRUE
disconnect-path-in-a-binary-matrix-by-at-most-one-flip,55,55,87.8049,SUCCESS,81.301,Accepted,TRUE
maximum-number-of-integers-to-choose-from-a-range-i,208,208,85.3551,SUCCESS,5.0296,Accepted,TRUE
maximum-subsequence-score,28,28,35.4399,SUCCESS,86.3186,Accepted,TRUE
apply-bitwise-operations-to-make-strings-equal,71,71,100,SUCCESS,12.6985,Accepted,TRUE
sort-the-students-by-their-kth-score,33,33,100,SUCCESS,84.2976,Accepted,TRUE
minimize-the-maximum-of-two-arrays,63,63,100,SUCCESS,66.6667,Accepted,TRUE
count-the-number-of-good-subarrays,41,41,70.7684,SUCCESS,93.786,Accepted,TRUE
find-xor-beauty-of-array,32,32,65.4618,SUCCESS,59.0362,Accepted,TRUE
find-consecutive-integers-from-a-data-stream,38,38,89.0108,SUCCESS,6.3183,Accepted,TRUE
maximal-score-after-applying-k-operations,40,40,15.751,SUCCESS,29.6704,Accepted,TRUE
make-number-of-distinct-characters-equal,99,99,32.5306,SUCCESS,59.0361,Accepted,TRUE
closest-prime-numbers-in-range,68,68,16.1327,SUCCESS,87.1401,Accepted,TRUE
distinct-prime-factors-of-product-of-array,81,81,90.345,SUCCESS,90.3448,Accepted,TRUE
difference-between-ones-and-zeros-in-row-and-column,85,85,33.4737,SUCCESS,68.6197,Accepted,TRUE
minimum-operations-to-make-array-equal-ii,68,68,94.3182,SUCCESS,95.4545,Accepted,TRUE
reward-top-k-students,30,30,54.4247,SUCCESS,68.1417,Accepted,TRUE
maximum-tastiness-of-candy-basket,40,40,47.7342,SUCCESS,78.3919,Accepted,TRUE
smallest-value-after-replacing-with-sum-of-prime-factors,209,209,100,SUCCESS,35.4037,Accepted,TRUE
frog-jump-ii,34,34,65.0976,SUCCESS,47.0589,Accepted,TRUE
maximum-star-sum-of-a-graph,25,25,85.849,SUCCESS,51.4149,Accepted,TRUE
design-memory-allocator,109,109,23.2312,SUCCESS,29.4051,Accepted,TRUE
longest-square-streak-in-an-array,92,92,64.5555,SUCCESS,55.3795,Accepted,TRUE
minimum-score-of-a-path-between-two-cities,43,43,82.7734,SUCCESS,75.7659,Accepted,TRUE
divide-players-into-teams-of-equal-skill,89,89,80.1652,SUCCESS,13.6954,Accepted,TRUE
minimum-penalty-for-a-shop,42,42,30.2923,SUCCESS,12.0389,Accepted,TRUE
remove-nodes-from-linked-list,32,32,65.1928,SUCCESS,45.7394,Accepted,TRUE
append-characters-to-string-to-make-subsequence,86,86,90.3382,SUCCESS,20.2899,Accepted,TRUE
minimum-fuel-cost-to-report-to-the-capital,131,131,6.8911,SUCCESS,5.03,Accepted,TRUE
closest-nodes-queries-in-a-binary-search-tree,35,35,15.177,SUCCESS,85.095,Accepted,TRUE
count-ways-to-build-good-strings,36,36,67.7021,SUCCESS,83.0188,Accepted,TRUE
minimum-number-of-operations-to-sort-a-binary-tree-by-level,146,146,50.5088,SUCCESS,16.0894,Accepted,TRUE
number-of-subarrays-with-lcm-equal-to-k,102,102,83.8707,SUCCESS,29.0323,Accepted,TRUE
maximum-sum-of-distinct-subarrays-with-length-k,93,93,35.0124,SUCCESS,63.1607,Accepted,TRUE
words-within-two-edits-of-dictionary,33,33,98.6207,SUCCESS,57.9311,Accepted,TRUE
destroy-sequential-targets,45,45,71.9624,SUCCESS,26.1679,Accepted,TRUE
number-of-subarrays-with-gcd-equal-to-k,87,87,80.3799,SUCCESS,56.9619,Accepted,TRUE
minimum-addition-to-make-integer-beautiful,92,92,100,SUCCESS,16.279,Accepted,TRUE
most-popular-video-creator,86,86,15.1774,SUCCESS,23.2135,Accepted,TRUE
sum-of-number-and-its-reverse,258,258,58.5118,SUCCESS,79.2554,Accepted,TRUE
bitwise-xor-of-all-pairings,42,42,36.1306,SUCCESS,31.7017,Accepted,TRUE
minimize-maximum-of-array,68,68,48.2681,SUCCESS,97.2773,Accepted,TRUE
range-product-queries-of-powers,70,70,13.8882,SUCCESS,84.7221,Accepted,TRUE
find-the-original-array-of-prefix-xor,46,46,84.6045,SUCCESS,65.4645,Accepted,TRUE
longest-uploaded-prefix,24,24,85.714,SUCCESS,12.8568,Accepted,TRUE
partition-string-into-substrings-with-values-at-most-k,56,56,75.7352,SUCCESS,33.8235,Accepted,TRUE
minimize-xor,280,280,100,SUCCESS,62.2785,Accepted,TRUE
maximum-sum-of-an-hourglass,41,41,81.3665,SUCCESS,20.4969,Accepted,TRUE
find-all-good-indices,68,68,65.5399,SUCCESS,37.8372,Accepted,TRUE
longest-subarray-with-maximum-bitwise-and,52,52,65.625,SUCCESS,34.375,Accepted,TRUE
smallest-subarrays-with-maximum-bitwise-or,59,59,65.854,SUCCESS,75.6098,Accepted,TRUE
maximum-matching-of-players-with-trainers,35,35,53.0748,SUCCESS,62.8342,Accepted,TRUE
reverse-odd-levels-of-binary-tree,57,57,86.8746,SUCCESS,55.0451,Accepted,TRUE
length-of-the-longest-alphabetical-continuous-substring,123,123,85.4613,SUCCESS,27.305,Accepted,TRUE
optimal-partition-of-string,62,62,89.4223,SUCCESS,84.9628,Accepted,TRUE
separate-squares-ii,763,763,71.014,SUCCESS,97.1014,Accepted,TRUE
manhattan-distances-of-all-arrangements-of-pieces,919,919,59.615,SUCCESS,26.9227,Accepted,TRUE
count-the-number-of-arrays-with-k-matching-adjacent-elements,809,809,76.5428,SUCCESS,7.4073,Accepted,TRUE
minimum-cost-for-cutting-cake-ii,566,566,67.1875,SUCCESS,50,Accepted,TRUE
find-minimum-diameter-after-merging-two-trees,723,723,11.5816,SUCCESS,40.5163,Accepted,TRUE
peaks-in-array,681,681,97.3684,SUCCESS,30.2627,Accepted,TRUE
find-subarray-with-bitwise-or-closest-to-k,814,814,91.9355,SUCCESS,88.7097,Accepted,TRUE
find-number-of-ways-to-reach-the-k-th-stair,600,600,61.3206,SUCCESS,37.7358,Accepted,TRUE
find-edges-in-shortest-paths,536,536,64.7535,SUCCESS,57.3774,Accepted,TRUE
find-the-median-of-the-uniqueness-array,792,792,90,SUCCESS,15,Accepted,TRUE
distribute-elements-into-two-arrays-ii,784,784,42.8564,SUCCESS,84.2857,Accepted,TRUE
minimum-cost-walk-in-weighted-graph,549,549,98.039,SUCCESS,46.6231,Accepted,TRUE
maximum-strength-of-k-disjoint-subarrays,802,802,22.3898,SUCCESS,22.3887,Accepted,TRUE
find-the-maximum-sum-of-node-values,718,718,87.5954,SUCCESS,62.6944,Accepted,TRUE
count-the-number-of-incremovable-subarrays-ii,840,840,75,SUCCESS,50.9616,Accepted,TRUE
number-of-possible-sets-of-closing-branches,533,533,84.4829,SUCCESS,77.5862,Accepted,TRUE
apply-operations-on-array-to-maximize-sum-of-squares,918,918,78.7879,SUCCESS,87.8788,Accepted,TRUE
count-visited-nodes-in-a-directed-graph,941,941,87.5001,SUCCESS,87.5001,Accepted,TRUE
minimum-edge-reversals-so-every-node-is-reachable,421,421,5.8132,SUCCESS,22.0926,Accepted,TRUE
maximum-number-of-k-divisible-components,736,736,80.9885,SUCCESS,26.2356,Accepted,TRUE
count-k-subsequences-of-a-string-with-maximum-beauty,611,611,47.1696,SUCCESS,83.0188,Accepted,TRUE
maximum-element-sum-of-a-complete-subset-of-indices,663,663,10,SUCCESS,62.5,Accepted,TRUE
maximize-value-of-function-in-a-ball-passing-game,948,948,55.0717,SUCCESS,46.3761,Accepted,TRUE
minimum-operations-to-form-subsequence-with-target-sum,754,754,74.1936,SUCCESS,22.5807,Accepted,TRUE
apply-operations-to-maximize-score,870,870,74.0158,SUCCESS,74.8032,Accepted,TRUE
minimum-time-to-make-array-sum-at-most-x,1274,1274,96.25,SUCCESS,85,Accepted,TRUE
maximum-number-of-groups-with-increasing-length,2027,2027,55.6914,SUCCESS,94.309,Accepted,TRUE
count-paths-that-can-form-a-palindrome-in-a-tree,666,666,51.1116,SUCCESS,20.0006,Accepted,TRUE
maximum-elegance-of-a-k-length-subsequence,2729,2729,80.392,SUCCESS,39.2156,Accepted,TRUE
length-of-the-longest-valid-substring,763,763,66.5473,SUCCESS,74.733,Accepted,TRUE
sum-of-imbalance-numbers-of-all-subarrays,1303,1303,67.5676,SUCCESS,18.919,Accepted,TRUE
robot-collisions,2433,2433,60.7135,SUCCESS,32.8563,Accepted,TRUE
maximum-sum-queries,1415,1415,36.3644,SUCCESS,18.1824,Accepted,TRUE
maximum-strictly-increasing-cells-in-a-matrix,566,566,31.0792,SUCCESS,43.2425,Accepted,TRUE
make-array-empty,514,514,45.9448,SUCCESS,68.9187,Accepted,TRUE
minimize-the-total-price-of-the-trips,407,407,18.8397,SUCCESS,39.1304,Accepted,TRUE
collect-coins-in-a-tree,4986,4986,87.1562,SUCCESS,93.578,Accepted,TRUE
rearranging-fruits,40,40,72.0928,SUCCESS,76.7441,Accepted,TRUE
count-increasing-quadruplets,121,121,14.2864,SUCCESS,5.3575,Accepted,TRUE
design-graph-with-shortest-path-calculator,36,36,64.119,SUCCESS,30.5882,Accepted,TRUE
minimum-time-to-complete-all-tasks,1059,1059,42.633,SUCCESS,54.2105,Accepted,TRUE
count-number-of-possible-root-nodes,51,51,85.8401,SUCCESS,83.1854,Accepted,TRUE
number-of-ways-to-earn-points,63,63,40.9648,SUCCESS,97.5904,Accepted,TRUE
split-the-array-to-make-coprime-products,75,75,5.1763,SUCCESS,22.0973,Accepted,TRUE
check-if-point-is-reachable,60,60,100,SUCCESS,22.5226,Accepted,TRUE
minimum-cost-to-split-an-array,59,59,77.2711,SUCCESS,84.3433,Accepted,TRUE
difference-between-maximum-and-minimum-price-sum,58,58,68.9655,SUCCESS,65.5171,Accepted,TRUE
count-anagrams,41,41,58.0187,SUCCESS,51.415,Accepted,TRUE
number-of-great-partitions,46,46,83.3335,SUCCESS,96.6667,Accepted,TRUE
cycle-length-queries-in-a-tree,27,27,39.3049,SUCCESS,43.2837,Accepted,TRUE
add-edges-to-make-degrees-of-all-nodes-even,52,52,26.8399,SUCCESS,90.0433,Accepted,TRUE
minimum-total-cost-to-make-arrays-unequal,104,104,74.6032,SUCCESS,33.3334,Accepted,TRUE
maximum-number-of-points-from-grid-queries,22,22,84.1169,SUCCESS,75.839,Accepted,TRUE
divide-nodes-into-the-maximum-number-of-groups,57,57,20.1378,SUCCESS,66.9967,Accepted,TRUE
count-palindromic-subsequences,63,63,36.4987,SUCCESS,18.4922,Accepted,TRUE
count-subarrays-with-median-k,45,45,95.8113,SUCCESS,46.5967,Accepted,TRUE
next-greater-element-iv,51,51,85.1283,SUCCESS,63.59,Accepted,TRUE
minimum-number-of-operations-to-make-arrays-similar,32,32,79.5701,SUCCESS,58.6022,Accepted,TRUE
minimum-cost-to-make-array-equal,48,48,89.3835,SUCCESS,64.041,Accepted,TRUE
create-components-with-same-value,43,43,5.6346,SUCCESS,100,Accepted,TRUE
paths-in-matrix-whose-sum-is-divisible-by-k,88,88,44.2541,SUCCESS,67.8163,Accepted,TRUE
number-of-pairs-satisfying-inequality,61,61,93.9999,SUCCESS,92.6667,Accepted,TRUE
maximum-deletions-on-a-string,129,129,63.8291,SUCCESS,85.1063,Accepted,TRUE
number-of-good-paths,134,134,40.1353,SUCCESS,78.9114,Accepted,TRUE
minimum-money-required-before-transactions,56,56,70.9678,SUCCESS,54.8388,Accepted,TRUE
sum-of-prefix-scores-of-strings,38,38,25.3375,SUCCESS,10.4066,Accepted,TRUE
meeting-rooms-iii,81,81,75.4642,SUCCESS,67.6809,Accepted,TRUE
build-a-matrix-with-conditions,53,53,68.9903,SUCCESS,87.0192,Accepted,TRUE
count-special-integers,120,120,100,SUCCESS,81.1881,Accepted,TRUE
minimum-replacements-to-sort-the-array,47,47,63.2074,SUCCESS,74.5282,Accepted,TRUE
maximum-number-of-robots-within-budget,82,82,69.061,SUCCESS,48.7623,Accepted,TRUE
longest-cycle-in-a-graph,81,81,91.3719,SUCCESS,76.3279,Accepted,TRUE
shortest-impossible-sequence-of-rolls,65,65,45.4546,SUCCESS,58.4416,Accepted,TRUE
minimum-deletions-to-make-array-divisible,49,49,34.0785,SUCCESS,80.4469,Accepted,TRUE
subarray-with-elements-greater-than-varying-threshold,68,68,48.2131,SUCCESS,69.6427,Accepted,TRUE
count-the-number-of-ideal-arrays,47,47,47.0484,SUCCESS,18.2068,Accepted,TRUE
minimum-score-after-removals-on-a-tree,65,65,73.5292,SUCCESS,94.1176,Accepted,TRUE
count-subarrays-with-score-less-than-k,167,167,54.8388,SUCCESS,89.2298,Accepted,TRUE
match-substring-after-replacement,116,116,37.0784,SUCCESS,41.573,Accepted,TRUE
naming-a-company,89,89,81.4434,SUCCESS,36.0823,Accepted,TRUE
design-a-text-editor,45,45,63.7865,SUCCESS,29.2059,Accepted,TRUE
booking-concert-tickets-in-groups,97,97,49.9996,SUCCESS,67.4417,Accepted,TRUE
sum-of-total-strength-of-wizards,82,82,31.6374,SUCCESS,79.6612,Accepted,TRUE
longest-path-with-different-adjacent-characters,142,142,94.898,SUCCESS,86.2246,Accepted,TRUE
count-integers-in-intervals,73,73,99.7076,SUCCESS,57.8945,Accepted,TRUE
maximum-score-of-a-node-sequence,75,75,91.9117,SUCCESS,30.1466,Accepted,TRUE
total-appeal-of-a-string,77,77,82.38,SUCCESS,21.5104,Accepted,TRUE
number-of-flowers-in-full-bloom,53,53,93.4153,SUCCESS,78.5603,Accepted,TRUE
sum-of-scores-of-built-strings,150,150,76.6234,SUCCESS,93.5065,Accepted,TRUE
longest-substring-of-one-repeating-character,57,57,78.049,SUCCESS,36.5858,Accepted,TRUE
minimum-white-tiles-after-covering-with-carpets,2706,2706,91.5792,SUCCESS,71.5789,Accepted,TRUE
replace-non-coprime-numbers-in-array,71,71,69.565,SUCCESS,94.2028,Accepted,TRUE
count-array-pairs-divisible-by-k,115,115,70.1287,SUCCESS,87.0129,Accepted,TRUE
minimum-time-to-finish-the-race,58,58,88.5253,SUCCESS,87.4318,Accepted,TRUE
maximum-and-sum-of-array,84,84,9.091,SUCCESS,84.4156,Accepted,TRUE
minimum-time-to-remove-all-cars-containing-illegal-goods,89,89,35.1352,SUCCESS,21.6217,Accepted,TRUE
maximum-good-people-based-on-statements,91,91,25.9242,SUCCESS,55.5554,Accepted,TRUE
minimum-difference-in-sums-after-removal-of-elements,110,110,56.9589,SUCCESS,77.5315,Accepted,TRUE
maximum-running-time-of-n-computers,52,52,11.1889,SUCCESS,54.5455,Accepted,TRUE
earliest-possible-day-of-full-bloom,185,185,96.3856,SUCCESS,72.8917,Accepted,TRUE
number-of-ways-to-divide-a-long-corridor,248,248,70.8865,SUCCESS,32.9115,Accepted,TRUE
maximum-employees-to-be-invited-to-a-meeting,99,99,45.2166,SUCCESS,21.3033,Accepted,TRUE
recover-the-original-array,110,110,23.8622,SUCCESS,52.2726,Accepted,TRUE
minimum-operations-to-make-the-array-k-increasing,90,90,57.9704,SUCCESS,20.2895,Accepted,TRUE
find-all-people-with-secret,56,56,72.3925,SUCCESS,69.325,Accepted,TRUE
valid-arrangement-of-pairs,40,40,75.4624,SUCCESS,93.9812,Accepted,TRUE
stamping-the-grid,77,77,92.4052,SUCCESS,32.9123,Accepted,TRUE
maximum-path-quality-of-a-graph,62,62,81.4389,SUCCESS,54.1666,Accepted,TRUE
check-if-an-original-string-exists-given-two-encoded-strings,215,215,35.2517,SUCCESS,65.4231,Accepted,TRUE
parallel-courses-iii,42,42,98.5469,SUCCESS,93.8461,Accepted,TRUE
second-minimum-time-to-reach-destination,77,77,32.9211,SUCCESS,43.4782,Accepted,TRUE
partition-array-into-two-arrays-to-minimize-sum-difference,201,201,20.8311,SUCCESS,56.9794,Accepted,TRUE
smallest-k-length-subsequence-with-occurrences-of-a-letter,152,152,89.2858,SUCCESS,73.2142,Accepted,TRUE
the-score-of-students-solving-math-expression,274,274,31.708,SUCCESS,78.0488,Accepted,TRUE
smallest-missing-genetic-value-in-each-subtree,68,68,90.9091,SUCCESS,86.3637,Accepted,TRUE
gcd-sort-of-an-array,91,91,77.9663,SUCCESS,77.9663,Accepted,TRUE
number-of-unique-good-subsequences,69,69,82.2786,SUCCESS,62.0253,Accepted,TRUE
the-number-of-good-subsets,92,92,53.8457,SUCCESS,69.2307,Accepted,TRUE
last-day-where-you-can-still-cross,118,118,33.25,SUCCESS,66.75,Accepted,TRUE
find-the-longest-valid-obstacle-course-at-each-position,78,78,50.9711,SUCCESS,64.5634,Accepted,TRUE
count-number-of-special-subsequences,99,99,100,SUCCESS,62.7119,Accepted,TRUE
delete-duplicate-folders-in-system,108,108,93.2584,SUCCESS,58.4268,Accepted,TRUE
maximum-genetic-difference-query,59,59,82.927,SUCCESS,92.683,Accepted,TRUE
painting-a-grid-with-three-different-colors,84,84,26.5343,SUCCESS,82.0956,Accepted,TRUE
merge-bsts-to-create-single-bst,475,475,98.1308,SUCCESS,82.2429,Accepted,TRUE
minimum-space-wasted-from-packaging,42,42,48.052,SUCCESS,11.6884,Accepted,TRUE
minimum-cost-to-change-the-final-value-of-expression,70,70,78.5716,SUCCESS,96.4286,Accepted,TRUE
stone-game-viii,78,78,47.7277,SUCCESS,93.1819,Accepted,TRUE
minimum-xor-sum-of-two-arrays,64,64,89.9999,SUCCESS,87.1428,Accepted,TRUE
maximum-building-height,50,50,82.2224,SUCCESS,91.1111,Accepted,TRUE
find-xor-sum-of-all-pairs-bitwise-and,84,84,67.5673,SUCCESS,97.2972,Accepted,TRUE
closest-room,43,43,93.4783,SUCCESS,58.6957,Accepted,TRUE
number-of-different-subsequences-gcds,39,39,85.4169,SUCCESS,79.1668,Accepted,TRUE
maximize-number-of-nice-divisors,213,213,31.1111,SUCCESS,41.1111,Accepted,TRUE
maximum-score-of-a-good-subarray,73,73,56.5963,SUCCESS,47.5072,Accepted,TRUE
maximize-score-after-n-operations,77,77,83.4426,SUCCESS,41.0588,Accepted,TRUE
car-fleet-ii,85,85,72.3078,SUCCESS,76.1539,Accepted,TRUE
maximize-palindrome-length-from-subsequences,109,109,95.0821,SUCCESS,52.4594,Accepted,TRUE
count-pairs-of-nodes,63,63,78.9472,SUCCESS,64.9122,Accepted,TRUE
minimum-degree-of-a-connected-trio-in-a-graph,68,68,65.3544,SUCCESS,21.26,Accepted,TRUE
closest-subsequence-sum,74,74,83.116,SUCCESS,53.2458,Accepted,TRUE
building-boxes,86,86,100,SUCCESS,76.087,Accepted,TRUE
maximum-number-of-events-that-can-be-attended-ii,69,69,75.5404,SUCCESS,69.7848,Accepted,TRUE
count-ways-to-make-array-with-product,67,67,84.7677,SUCCESS,48.3443,Accepted,TRUE
minimum-operations-to-make-a-subsequence,82,82,89.0625,SUCCESS,35.9375,Accepted,TRUE
maximum-xor-with-an-element-from-array,67,67,91.3266,SUCCESS,40.3065,Accepted,TRUE
number-of-ways-to-reconstruct-a-tree,81,81,80.769,SUCCESS,84.6153,Accepted,TRUE
minimize-deviation-in-array,76,76,67.1225,SUCCESS,68.4931,Accepted,TRUE
create-sorted-array-through-instructions,65,65,27.5726,SUCCESS,61.6217,Accepted,TRUE
minimum-number-of-removals-to-make-mountain-array,91,91,39.9028,SUCCESS,80.7692,Accepted,TRUE
distribute-repeating-integers,109,109,42.2519,SUCCESS,76.0562,Accepted,TRUE
count-subtrees-with-max-distance-between-cities,31,31,31.2473,SUCCESS,85.7142,Accepted,TRUE
maximum-number-of-visible-points,119,119,96.3852,SUCCESS,57.1083,Accepted,TRUE
minimum-one-bit-operations-to-make-integers-zero,308,308,100,SUCCESS,24.6574,Accepted,TRUE
fancy-sequence,107,107,67.742,SUCCESS,100,Accepted,TRUE
cat-and-mouse-ii,180,180,15.1502,SUCCESS,22.7266,Accepted,TRUE
maximum-number-of-achievable-transfer-requests,117,117,44.6174,SUCCESS,72.3077,Accepted,TRUE
check-if-string-is-transformable-with-substring-sort-operations,138,138,39.3163,SUCCESS,57.265,Accepted,TRUE
strange-printer-ii,153,153,67.3765,SUCCESS,5.6737,Accepted,TRUE
number-of-ways-to-reorder-array-to-get-same-bst,161,161,74.4184,SUCCESS,88.372,Accepted,TRUE
minimum-number-of-days-to-disconnect-island,104,104,68.3459,SUCCESS,75.5396,Accepted,TRUE
count-all-possible-routes,109,109,80.0007,SUCCESS,88.3334,Accepted,TRUE
find-longest-awesome-substring,153,153,72.4143,SUCCESS,96.5517,Accepted,TRUE
get-the-maximum-score,82,82,95.2381,SUCCESS,38.0951,Accepted,TRUE
maximum-number-of-non-overlapping-substrings,285,285,7.6474,SUCCESS,97.4522,Accepted,TRUE
best-position-for-a-service-centre,56,56,18.936,SUCCESS,100,Accepted,TRUE
minimum-number-of-increments-on-subarrays-to-form-a-target-array,129,129,86.6346,SUCCESS,31.4009,Accepted,TRUE
minimum-possible-integer-after-at-most-k-adjacent-swaps-on-digits,50,50,84.2104,SUCCESS,21.0524,Accepted,TRUE
stone-game-iv,72,72,71.7262,SUCCESS,87.958,Accepted,TRUE
find-critical-and-pseudo-critical-edges-in-minimum-spanning-tree,66,66,76.3644,SUCCESS,41.0909,Accepted,TRUE
maximum-number-of-darts-inside-of-a-circular-dartboard,65,65,34.0899,SUCCESS,79.5454,Accepted,TRUE
cherry-pickup-ii,59,59,81.5256,SUCCESS,75.5726,Accepted,TRUE
number-of-ways-of-cutting-a-pizza,54,54,72.4837,SUCCESS,89.9329,Accepted,TRUE
find-the-kth-smallest-sum-of-a-matrix-with-sorted-rows,72,72,71.7949,SUCCESS,32.8205,Accepted,TRUE
form-largest-integer-with-digits-that-add-up-to-target,96,96,97.9592,SUCCESS,92.8572,Accepted,TRUE
build-array-where-you-can-find-the-maximum-exactly-k-comparisons,31,31,33.3315,SUCCESS,71.2118,Accepted,TRUE
number-of-ways-to-wear-different-hats-to-each-other,65,65,91.2088,SUCCESS,97.8022,Accepted,TRUE
number-of-ways-to-paint-n-3-grid,50,50,88.5351,SUCCESS,59.0235,Accepted,TRUE
restore-the-array,86,86,90.8337,SUCCESS,65.8335,Accepted,TRUE
number-of-excellent-pairs,,,51.92,,5.57,Accepted,TRUE
number-of-increasing-paths-in-a-grid,,,68.58,,77.43,Accepted,TRUE
number-of-distinct-roll-sequences,,,81.71,,63.41,Accepted,TRUE
minimum-obstacle-removal-to-reach-corner,,,"68,64",,77.06,Accepted,TRUE
substring-with-largest-variance,,,16.02,,16.45,Accepted,TRUE
check-if-there-is-a-valid-parentheses-string-path,,,98.75,,75,Accepted,TRUE
escape-the-spreading-fire,,,6.39,,75.58,Accepted,TRUE
minimum-weighted-subgraph-with-the-required-paths,,,77.45,,82.63,Accepted,TRUE
find-substring-with-given-hash-value,,,72.94,,94.12,Accepted,TRUE
process-restricted-friend-requests,,,66.42,,74.63,Accepted,TRUE
count-fertile-pyramids-in-a-land,,,73.08,,47.44,Accepted,TRUE
longest-subsequence-repeated-k-times,,,,,,Time Limit Exceeded,TRUE
minimum-number-of-operations-to-make-array-continuous,,,77.29,,16.16,Accepted,TRUE
number-of-ways-to-rearrange-sticks-with-k-sticks-visible,,,62.34,,64.94,Accepted,TRUE
largest-color-value-in-a-directed-graph,,,82.37,,86.16,Accepted,TRUE
minimum-interval-to-include-each-query,,,34.44,,33.4,Accepted,TRUE
minimum-number-of-operations-to-make-string-sorted,,,70.83,,91.67,Accepted,TRUE
make-the-xor-of-all-segments-equal-to-zero,,,9.52,,33.33,Accepted,TRUE
count-pairs-with-xor-in-a-range,,,87.88,,69.7,Accepted,TRUE
maximum-score-from-performing-multiplication-operations,,,84.44,,84.44,Accepted,TRUE
palindrome-partitioning-iv,,,72.31,,46.05,Accepted,TRUE
find-minimum-time-to-finish-all-jobs,,,19.58,,54.21,Accepted,TRUE
checking-existence-of-edge-length-limited-paths,,,87.33,,30,Accepted,TRUE
minimum-incompatibility,,,,,,Wrong Answer,TRUE
delivering-boxes-from-storage-to-ports,,,63.16,,64.91,Accepted,TRUE
maximize-grid-happiness,,,,,,Runtime Error,TRUE
number-of-ways-to-form-a-target-string-given-a-dictionary,,,48.57,,64.29,Accepted,TRUE
minimum-cost-to-connect-two-groups-of-points,,,,,,Wrong Answer,TRUE
remove-max-number-of-edges-to-keep-graph-fully-traversable,,,46.29,,89.71,Accepted,TRUE
minimum-cost-to-cut-a-stick,,,81.27,,62.99,Accepted,TRUE
find-a-value-of-a-mysterious-function-closest-to-target,,,87.93,,75.86,Accepted,TRUE
string-compression-ii,,,5.08,,30.51,Accepted,TRUE
max-value-of-equation,,,80.5,,23.65,Accepted,TRUE
paint-house-iii,,,,,,Wrong Answer,TRUE
allocate-mailboxes,,,70.71,,77.27,Accepted,TRUE
max-dot-product-of-two-subsequences,,,75.48,,63.23,Accepted,TRUE
stone-game-iii,,,65.21,,86.13,Accepted,TRUE
find-the-winning-player-in-coin-game,,,,,,Wrong Answer,TRUE
find-the-encrypted-string,,,,,,Wrong Answer,TRUE
find-the-integer-added-to-array-i,,,100,,22.85,Accepted,TRUE
score-of-a-string,,,31.38,,95.94,Accepted,TRUE
modify-the-matrix,,,30.06,,66.29,Accepted,TRUE
divide-an-array-into-subarrays-with-minimum-cost-i,,,14.52,,52.28,Accepted,TRUE
distribute-candies-among-children-i,,,65.1,,20.9,Accepted,TRUE
minimum-sum-of-mountain-triplets-i,,,35.21,,58.88,Accepted,TRUE
sum-of-values-at-indices-with-k-set-bits,,,100,,51.45,Accepted,TRUE
maximum-odd-binary-number,,,100,,58.97,Accepted,TRUE
check-if-strings-can-be-made-equal-with-operations-i,,,100,,82.07,Accepted,TRUE
check-if-a-string-is-an-acronym-of-words,,,100,,60.63,Accepted,TRUE
check-if-the-number-is-fascinating,,,100,,33.63,Accepted,TRUE
remove-trailing-zeros-from-a-string,,,100,,11.35,Accepted,TRUE
minimum-string-length-after-removing-substrings,,,57.27,,34.2,Accepted,TRUE
maximum-difference-by-remapping-a-digit,,,6.44,,76.24,Accepted,TRUE
determine-the-winner-of-a-bowling-game,,,68.37,,98.3,Accepted,TRUE
split-with-minimum-sum,,,100,,18.44,Accepted,TRUE
odd-string-difference,,,100,,69.52,Accepted,TRUE
determine-if-two-events-have-conflict,,,100,,81.23,Accepted,TRUE
sort-the-people,,,80.96,,75.21,Accepted,TRUE
strong-password-checker-ii,,,19.67,,30.16,Accepted,TRUE
percentage-of-letter-in-string,,,3.48,,68.24,Accepted,TRUE
largest-number-after-digit-swaps-by-parity,,,16.04,,70,Accepted,TRUE
cells-in-a-range-on-an-excel-sheet,,,9.15,,63.72,Accepted,TRUE
keep-multiplying-found-values-by-two,,,100,,36.57,Accepted,TRUE
minimum-cost-of-buying-candies-with-discount,,,100,,63.13,Accepted,TRUE
check-if-all-as-appears-before-all-bs,,,100,,75.4,Accepted,TRUE
check-whether-two-strings-are-almost-equivalent,,,100,,90.23,Accepted,TRUE
minimum-number-of-moves-to-seat-everyone,,,16.8,,74.76,Accepted,TRUE
minimum-difference-between-highest-and-lowest-of-k-scores,,,90.56,,65.05,Accepted,TRUE
minimum-time-to-type-word-using-special-typewriter,,,100,,55.44,Accepted,TRUE
sum-of-digits-of-string-after-convert,,,24.89,,14.55,Accepted,TRUE
largest-odd-number-in-string,,,89.63,,20.55,Accepted,TRUE
check-if-word-equals-summation-of-two-words,,,100,,11.4,Accepted,TRUE
minimum-distance-to-the-target-element,,,100,,65.6,Accepted,TRUE
sorting-the-sentence,,,74.41,,69.06,Accepted,TRUE
replace-all-digits-with-characters,,,100,,34.36,Accepted,TRUE
determine-color-of-a-chessboard-square,,,100,,16.67,Accepted,TRUE
check-if-binary-string-has-at-most-one-segment-of-ones,,,100,,7.42,Accepted,TRUE
find-nearest-point-that-has-the-same-x-or-y-coordinate,,,31.31,,93.13,Accepted,TRUE
check-if-two-string-arrays-are-equivalent,,,100,,63.88,Accepted,TRUE
sort-array-by-increasing-frequency,,,71.22,,30.06,Accepted,TRUE
find-the-minimum-amount-of-time-to-brew-potions,,,,,,Wrong Answer,TRUE
find-minimum-cost-to-remove-array-elements,,,,,,Wrong Answer,TRUE
maximum-sum-with-at-most-k-elements,,,60.94,,58.25,Accepted,TRUE
maximum-manhattan-distance-after-k-changes,,,,,,Wrong Answer,TRUE
paint-house-iv,,,,,,Wrong Answer,TRUE
sum-of-k-subarrays-with-length-at-least-m,,,,,,Time Limit Exceeded,TRUE
maximum-and-minimum-sums-of-at-most-size-k-subsequences,,,,,,Wrong Answer,TRUE
maximum-amount-of-money-robot-can-earn,,,,,,Wrong Answer,TRUE
find-mirror-score-of-a-string,,,,,,Time Limit Exceeded,TRUE
find-minimum-time-to-reach-last-room-ii,,,,,,Wrong Answer,TRUE
construct-the-minimum-bitwise-array-ii,,,,,,Time Limit Exceeded,TRUE
minimum-number-of-valid-strings-to-form-target-i,,,,,,Time Limit Exceeded,TRUE
find-a-safe-walk-through-a-grid,,,87.85,,72.59,Accepted,TRUE
hash-divided-string,,,41.83,,54.9,Accepted,TRUE
count-substrings-with-k-frequency-characters-i,,,,,,Time Limit Exceeded,TRUE
minimum-operations-to-make-binary-array-elements-equal-to-one-i,,,,,,Wrong Answer,TRUE
generate-binary-strings-without-adjacent-zeros,,,65.56,,45.88,Accepted,TRUE
minimum-number-of-operations-to-satisfy-conditions,,,94.48,,77.93,Accepted,TRUE
minimum-substring-partition-of-equal-character-frequency,,,45.36,,88.66,Accepted,TRUE
maximum-difference-score-in-a-grid,,,27.35,,28.91,Accepted,TRUE
minimum-deletions-to-make-string-k-special,,,24.21,,72.63,Accepted,TRUE
replace-question-marks-in-string-to-minimize-its-value,,,,,,Wrong Answer,TRUE
maximize-happiness-of-selected-children,,,74.88,,93.6,Accepted,TRUE
lexicographically-smallest-string-after-operations-with-constraint,,,20.83,,46.88,Accepted,TRUE
minimum-operations-to-write-the-letter-y-on-a-grid,,,27.35,,8.92,Accepted,TRUE
find-the-largest-area-of-square-inside-two-rectangles,,,38.39,,44.64,Accepted,TRUE
apply-operations-to-make-string-empty,,,,,,Wrong Answer,TRUE
find-the-number-of-ways-to-place-people-i,,,53.23,,89.61,Accepted,TRUE
find-polygon-with-the-largest-perimeter,,,97.69,,84.72,Accepted,TRUE
minimum-cost-to-convert-string-i,,,86.46,,56.6,Accepted,TRUE
minimum-operations-to-maximize-last-elements-in-arrays,,,77.08,,59.38,Accepted,TRUE
minimum-sum-of-mountain-triplets-ii,,,98.34,,74.59,Accepted,TRUE
minimum-equal-sum-of-two-arrays-after-replacing-zeros,,,10.24,,42.45,Accepted,TRUE
minimum-moves-to-spread-stones-over-grid,,,45.04,,55.86,Accepted,TRUE
minimum-absolute-difference-between-elements-with-constraint,,,91.1,,64.06,Accepted,TRUE
find-the-safest-path-in-a-grid,,,85.28,,55.08,Accepted,TRUE
sorting-three-groups,,,48.17,,45.12,Accepted,TRUE
sort-vowels-in-a-string,,,82.59,,16.74,Accepted,TRUE
partition-string-into-minimum-beautiful-substrings,,,51.2,,51.2,Accepted,TRUE
lexicographically-smallest-string-after-substring-operation,,,75.29,,28.16,Accepted,TRUE
extra-characters-in-a-string,,,62.68,,79.49,Accepted,TRUE
maximum-strength-of-a-group,,,,,,Wrong Answer,TRUE
minimum-number-of-operations-to-make-all-array-elements-equal-to-1,,,50,,54.29,Accepted,TRUE
check-knight-tour-configuration,,,100,,93.27,Accepted,TRUE
total-cost-to-hire-k-workers,,,14.1,,19.64,Accepted,TRUE
count-number-of-distinct-integers-after-reverse-operations,,,70.51,,93.13,Accepted,TRUE
using-a-robot-to-print-the-lexicographically-smallest-string,,,7.93,,71.99,Accepted,TRUE
divide-intervals-into-minimum-number-of-groups,,,61.49,,92.24,Accepted,TRUE
check-if-digits-are-equal-in-string-after-operations-ii,,,,,,Time Limit Exceeded,TRUE
find-the-maximum-number-of-fruits-collected,,,,,,Wrong Answer,TRUE
total-characters-in-string-after-transformations-ii,,,,,,Wrong Answer,TRUE
maximum-value-sum-by-placing-three-rooks-i,,,,,,Wrong Answer,TRUE
maximum-value-sum-by-placing-three-rooks-ii,,,,,,Wrong Answer,TRUE
maximum-score-from-grid-operations,,,,,,Wrong Answer,TRUE
find-the-minimum-cost-array-permutation,,,,,,Time Limit Exceeded,TRUE
find-all-possible-stable-binary-arrays-ii,,,,,,Wrong Answer,TRUE
minimum-sum-of-values-by-dividing-array,,,,,,Time Limit Exceeded,TRUE
find-the-sum-of-the-power-of-all-subsequences,,,56.41,,58.97,Accepted,TRUE
find-the-sum-of-subsequence-powers,,,,,,Time Limit Exceeded,TRUE
find-the-number-of-ways-to-place-people-ii,,,,,,Time Limit Exceeded,TRUE
minimum-cost-to-convert-string-ii,,,,,,Time Limit Exceeded,TRUE
count-complete-substrings,,,,,,Time Limit Exceeded,TRUE
count-beautiful-substrings-ii,,,,,,Wrong Answer,TRUE
maximum-balanced-subsequence-sum,,,,,,Wrong Answer,TRUE
subarrays-distinct-element-sum-of-squares-ii,,,,,,Time Limit Exceeded,TRUE
number-of-beautiful-integers-in-the-range,,,45.16,,43.01,Accepted,TRUE
count-stepping-numbers-in-range,,,,,,Wrong Answer,TRUE
painting-the-walls,,,97.73,,71.94,Accepted,TRUE
count-of-integers,,,94.74,,5.15,Accepted,TRUE
minimum-time-to-visit-a-cell-in-a-grid,,,59.01,,52.87,Accepted,TRUE
find-the-string-with-lcp,,,,,,Wrong Answer,TRUE
minimum-number-of-visited-cells-in-a-grid,,,,,,Wrong Answer,TRUE
lexicographically-smallest-beautiful-string,,,,,,Runtime Error,TRUE
put-marbles-in-bags,,,76.58,,35.1,Accepted,TRUE
shortest-cycle-in-a-graph,,,83.16,,25.81,Accepted,TRUE
time-to-cross-a-bridge,,,57.41,,94.44,Accepted,TRUE
minimum-total-distance-traveled,,,88.28,,85.52,Accepted,TRUE
count-subarrays-with-fixed-bounds,,,95.54,,46.48,Accepted,TRUE
