slug,runtime_percentile_analysis,result_analysis,total_testcases,total_correct,runtime_percentile,state,status_msg,memory_percentile,processed,difficulty_x,difficulty_y
string-compression-ii,18.18,Accepted,,,5.08,,30.51,Accepted,TRUE,Hard,Hard
split-the-array-to-make-coprime-products,57.6274,Accepted,75,75,5.1763,SUCCESS,22.0973,Accepted,TRUE,Hard,Hard
minimum-operations-to-exceed-threshold-value-ii,10.478,Accepted,676,676,5.1952,SUCCESS,8.7664,Accepted,TRUE,Medium,Medium
longest-unequal-adjacent-groups-subsequence-i,12.2025,Accepted,382,382,5.2678,SUCCESS,40.7621,Accepted,TRUE,Easy,Easy
maximum-number-of-operations-with-the-same-score-ii,58.537,Accepted,549,549,5.4536,SUCCESS,52.7268,Accepted,TRUE,Medium,Medium
mark-elements-on-array-by-performing-queries,,Time Limit Exceeded,661,661,5.512,SUCCESS,81.1024,Accepted,TRUE,Medium,Medium
minimum-edge-reversals-so-every-node-is-reachable,5.4825,Accepted,421,421,5.8132,SUCCESS,22.0926,Accepted,TRUE,Hard,Hard
design-an-ordered-stream,88.785,Accepted,101,101,6.0775,SUCCESS,26.1511,Accepted,TRUE,Easy,Easy
find-the-number-of-good-pairs-i,87.9949,Accepted,783,783,6.6576,SUCCESS,94.0361,Accepted,TRUE,Easy,Easy
count-the-number-of-fair-pairs,50.314,Accepted,55,55,6.6964,SUCCESS,12.7813,Accepted,TRUE,Medium,Medium
minimum-fuel-cost-to-report-to-the-capital,12.467,Accepted,131,131,6.8911,SUCCESS,5.03,Accepted,TRUE,Medium,Medium
count-the-number-of-complete-components,30.012,Accepted,3356,3356,7.2452,SUCCESS,61.2106,Accepted,TRUE,Medium,Medium
total-characters-in-string-after-transformations-i,,Wrong Answer,824,824,7.3836,SUCCESS,44.3115,Accepted,TRUE,Medium,Medium
maximum-number-of-non-overlapping-substrings,,Wrong Answer,285,285,7.6474,SUCCESS,97.4522,Accepted,TRUE,Hard,Hard
using-a-robot-to-print-the-lexicographically-smallest-string,25.2329,Accepted,,,7.93,,71.99,Accepted,TRUE,Medium,Medium
maximize-area-of-square-hole-in-grid,100,Accepted,524,524,8.9886,SUCCESS,48.3146,Accepted,TRUE,Medium,Medium
maximum-and-sum-of-array,14.4253,Accepted,84,84,9.091,SUCCESS,84.4156,Accepted,TRUE,Hard,Hard
longest-palindromic-subsequence-after-at-most-k-operations,,Runtime Error,550,550,9.3016,SUCCESS,15.5032,Accepted,TRUE,Medium,Medium
shortest-and-lexicographically-smallest-beautiful-string,100,Accepted,674,674,9.3749,SUCCESS,89.7321,Accepted,TRUE,Medium,Medium
maximum-element-sum-of-a-complete-subset-of-indices,46.8076,Accepted,663,663,10,SUCCESS,62.5,Accepted,TRUE,Hard,Hard
maximize-score-of-numbers-in-ranges,6.8659,Accepted,686,686,10.003,SUCCESS,5.3846,Accepted,TRUE,Medium,Medium
find-the-longest-semi-repetitive-substring,5.1206,Accepted,12264,12264,10.1638,SUCCESS,36.3934,Accepted,TRUE,Medium,Medium
minimum-equal-sum-of-two-arrays-after-replacing-zeros,64.4284,Accepted,,,10.24,,42.45,Accepted,TRUE,Medium,Medium
form-smallest-number-from-two-digit-arrays,100,Accepted,388,388,11.1112,SUCCESS,11.1112,Accepted,TRUE,Easy,Easy
make-k-subarray-sums-equal,,Runtime Error,1040,1040,11.1117,SUCCESS,88.889,Accepted,TRUE,Medium,Medium
find-the-original-typed-string-i,71.5576,Accepted,780,780,11.1446,SUCCESS,6.9277,Accepted,TRUE,Easy,Easy
maximum-running-time-of-n-computers,5.9544,Accepted,52,52,11.1889,SUCCESS,54.5455,Accepted,TRUE,Hard,Hard
find-minimum-diameter-after-merging-two-trees,5.1817,Accepted,723,723,11.5816,SUCCESS,40.5163,Accepted,TRUE,Hard,Hard
prime-subtraction-operation,83.6363,Accepted,654,654,11.7977,SUCCESS,21.8288,Accepted,TRUE,Medium,Medium
longest-strictly-increasing-or-strictly-decreasing-subarray,20.2815,Accepted,868,868,12.5532,SUCCESS,85.1065,Accepted,TRUE,Easy,Easy
count-complete-subarrays-in-an-array,5.0295,Accepted,1074,1074,13.1254,SUCCESS,75.4486,Accepted,TRUE,Medium,Medium
sum-of-all-subset-xor-totals,100,Accepted,48,48,13.3008,SUCCESS,42.6807,Accepted,TRUE,Easy,Easy
minimum-number-of-seconds-to-make-mountain-height-zero,80.2716,Accepted,571,571,13.4305,SUCCESS,84.3284,Accepted,TRUE,Medium,Medium
substring-xor-queries,66.6667,Accepted,59,59,13.7248,SUCCESS,45.0976,Accepted,TRUE,Medium,Medium
range-product-queries-of-powers,5.55,Accepted,70,70,13.8882,SUCCESS,84.7221,Accepted,TRUE,Medium,Medium
number-of-black-blocks,20.4967,Accepted,2145,2145,13.9204,SUCCESS,66.1555,Accepted,TRUE,Medium,Medium
total-cost-to-hire-k-workers,23.5575,Accepted,,,14.1,,19.64,Accepted,TRUE,Medium,Medium
count-increasing-quadruplets,25.5306,Accepted,121,121,14.2864,SUCCESS,5.3575,Accepted,TRUE,Hard,Hard
divide-an-array-into-subarrays-with-minimum-cost-i,,Wrong Answer,,,14.52,,52.28,Accepted,TRUE,Easy,Easy
find-the-integer-added-to-array-ii,84.3539,Accepted,560,560,14.6516,SUCCESS,8.9172,Accepted,TRUE,Medium,Medium
cat-and-mouse-ii,5.8135,Accepted,180,180,15.1502,SUCCESS,22.7266,Accepted,TRUE,Hard,Hard
closest-nodes-queries-in-a-binary-search-tree,35.3062,Accepted,35,35,15.177,SUCCESS,85.095,Accepted,TRUE,Medium,Medium
most-popular-video-creator,68.4208,Accepted,86,86,15.1774,SUCCESS,23.2135,Accepted,TRUE,Medium,Medium
remove-methods-from-project,10.8823,Accepted,775,775,15.5719,SUCCESS,19.6718,Accepted,TRUE,Medium,Medium
maximal-score-after-applying-k-operations,83.1169,Accepted,40,40,15.751,SUCCESS,29.6704,Accepted,TRUE,Medium,Medium
substring-with-largest-variance,,Wrong Answer,,,16.02,,16.45,Accepted,TRUE,Hard,Hard
largest-number-after-digit-swaps-by-parity,100,Accepted,,,16.04,,70,Accepted,TRUE,Easy,Easy
closest-prime-numbers-in-range,86.55,Accepted,68,68,16.1327,SUCCESS,87.1401,Accepted,TRUE,Medium,Medium
count-the-number-of-good-nodes,19.6852,Accepted,621,621,16.2297,SUCCESS,93.506,Accepted,TRUE,Medium,Medium
remove-letter-to-equalize-frequency,4.3974,Accepted,50,50,16.4138,SUCCESS,88.4138,Accepted,TRUE,Easy,Easy
make-array-elements-equal-to-zero,,Wrong Answer,584,584,17.2668,SUCCESS,10.4317,Accepted,TRUE,Easy,Easy
maximum-number-of-moves-in-a-grid,22.2815,Accepted,814,814,17.5108,SUCCESS,67.7044,Accepted,TRUE,Medium,Medium
largest-3-same-digit-number-in-string,100,Accepted,141,141,18.555,SUCCESS,41.0509,Accepted,TRUE,Easy,Easy
shift-distance-between-two-strings,,Wrong Answer,741,741,18.7078,SUCCESS,66.9065,Accepted,TRUE,Medium,Medium
minimize-the-total-price-of-the-trips,86.2068,Accepted,407,407,18.8397,SUCCESS,39.1304,Accepted,TRUE,Hard,Hard
number-of-subarrays-that-match-a-pattern-i,82.2356,Accepted,792,792,18.9258,SUCCESS,64.7058,Accepted,TRUE,Medium,Medium
best-position-for-a-service-centre,97.2223,Accepted,56,56,18.936,SUCCESS,100,Accepted,TRUE,Hard,Hard
find-minimum-time-to-finish-all-jobs,19.7,Accepted,,,19.58,,54.21,Accepted,TRUE,Hard,Hard
goal-parser-interpretation,41.89,Accepted,105,105,19.7825,SUCCESS,89.6043,Accepted,TRUE,Easy,Easy
maximum-length-substring-with-two-occurrences,14.2858,Accepted,709,709,19.8541,SUCCESS,36.6424,Accepted,TRUE,Easy,Easy
divide-nodes-into-the-maximum-number-of-groups,23.7761,Accepted,57,57,20.1378,SUCCESS,66.9967,Accepted,TRUE,Hard,Hard
faulty-keyboard,59.4988,Accepted,3005,3005,20.5318,SUCCESS,15.3618,Accepted,TRUE,Easy,Easy
lexicographically-smallest-string-after-operations-with-constraint,88.57,Accepted,,,20.83,,46.88,Accepted,TRUE,Medium,Medium
partition-array-into-two-arrays-to-minimize-sum-difference,23.1331,Accepted,201,201,20.8311,SUCCESS,56.9794,Accepted,TRUE,Hard,Hard
alternating-groups-i,79.4378,Accepted,795,795,20.9427,SUCCESS,55.3228,Accepted,TRUE,Easy,Easy
count-tested-devices-after-test-operations,100,Accepted,520,520,21.4072,SUCCESS,86.217,Accepted,TRUE,Easy,Easy
concatenation-of-array,17.8806,Accepted,92,92,22.2698,SUCCESS,69.8905,Accepted,TRUE,Easy,Easy
maximum-strength-of-k-disjoint-subarrays,37.7356,Accepted,802,802,22.3898,SUCCESS,22.3887,Accepted,TRUE,Hard,Hard
find-closest-number-to-zero,86.5683,Accepted,227,227,22.7052,SUCCESS,45.898,Accepted,TRUE,Easy,Easy
longest-even-odd-subarray-with-threshold,84.6155,Accepted,6873,6873,22.8715,SUCCESS,95.1339,Accepted,TRUE,Easy,Easy
design-memory-allocator,23.9299,Accepted,109,109,23.2312,SUCCESS,29.4051,Accepted,TRUE,Medium,Medium
recover-the-original-array,,Wrong Answer,110,110,23.8622,SUCCESS,52.2726,Accepted,TRUE,Hard,Hard
minimum-deletions-to-make-string-k-special,19.8234,Accepted,,,24.21,,72.63,Accepted,TRUE,Medium,Medium
minimum-operations-to-make-binary-array-elements-equal-to-one-ii,78.8239,Accepted,691,691,24.242,SUCCESS,85.4545,Accepted,TRUE,Medium,Medium
the-two-sneaky-numbers-of-digitville,100,Accepted,706,706,24.9852,SUCCESS,99.1202,Accepted,TRUE,Easy,Easy
maximum-product-difference-between-two-pairs,91.1196,Accepted,96,96,25.1457,SUCCESS,60.1863,Accepted,TRUE,Easy,Easy
longest-alternating-subarray,83.1169,Accepted,2880,2880,25.2741,SUCCESS,76.3736,Accepted,TRUE,Easy,Easy
sum-of-prefix-scores-of-strings,97.1888,Accepted,38,38,25.3375,SUCCESS,10.4066,Accepted,TRUE,Hard,Hard
minimum-number-of-operations-to-make-x-and-y-equal,34.2386,Accepted,948,948,25.3969,SUCCESS,59.7884,Accepted,TRUE,Medium,Medium
min-max-game,65.3125,Accepted,96,96,25.8171,SUCCESS,40.8497,Accepted,TRUE,Easy,Easy
make-three-strings-equal,27.1551,Accepted,1935,1935,25.9385,SUCCESS,92.1502,Accepted,TRUE,Easy,Easy
neighboring-bitwise-xor,28.82,Accepted,1425,1425,26.1015,SUCCESS,25.7626,Accepted,TRUE,Medium,Medium
painting-a-grid-with-three-different-colors,94.4312,Accepted,84,84,26.5343,SUCCESS,82.0956,Accepted,TRUE,Hard,Hard
count-vowel-substrings-of-a-string,35.9869,Accepted,88,88,27.0898,SUCCESS,82.2388,Accepted,TRUE,Easy,Easy
minimum-operations-to-write-the-letter-y-on-a-grid,84.77,Accepted,,,27.35,,8.92,Accepted,TRUE,Medium,Medium
create-sorted-array-through-instructions,20.1385,Accepted,65,65,27.5726,SUCCESS,61.6217,Accepted,TRUE,Hard,Hard
count-integers-with-even-digit-sum,100,Accepted,71,71,27.77,SUCCESS,89.2005,Accepted,TRUE,Easy,Easy
clear-digits,27.5877,Accepted,688,688,27.989,SUCCESS,78.292,Accepted,TRUE,Easy,Easy
count-square-sum-triples,88.9555,Accepted,91,91,28.7265,SUCCESS,81.3285,Accepted,TRUE,Easy,Easy
movement-of-robots,29.2032,Accepted,2567,2567,28.9161,SUCCESS,5.2209,Accepted,TRUE,Medium,Medium
longest-unequal-adjacent-groups-subsequence-ii,88.2839,Accepted,443,443,29.4491,SUCCESS,68.076,Accepted,TRUE,Medium,Medium
count-pairs-whose-sum-is-less-than-target,100,Accepted,707,707,29.4609,SUCCESS,56.4174,Accepted,TRUE,Easy,Easy
count-ways-to-group-overlapping-ranges,19.3938,Accepted,32,32,30.058,SUCCESS,10.9827,Accepted,TRUE,Medium,Medium
minimum-penalty-for-a-shop,76.3443,Accepted,42,42,30.2923,SUCCESS,12.0389,Accepted,TRUE,Medium,Medium
maximize-amount-after-two-days-of-conversions,21.1696,Accepted,767,767,30.5033,SUCCESS,44.6541,Accepted,TRUE,Medium,Medium
total-distance-traveled,45.283,Accepted,10000,10000,30.6929,SUCCESS,64.6864,Accepted,TRUE,Easy,Easy
most-frequent-prime,85.5071,Accepted,974,974,30.8265,SUCCESS,66.9173,Accepted,TRUE,Medium,Medium
construct-the-minimum-bitwise-array-i,,Wrong Answer,658,658,30.8748,SUCCESS,73.6111,Accepted,TRUE,Easy,Easy
maximum-strictly-increasing-cells-in-a-matrix,87.5,Accepted,566,566,31.0792,SUCCESS,43.2425,Accepted,TRUE,Hard,Hard
maximize-number-of-nice-divisors,6.5789,Accepted,213,213,31.1111,SUCCESS,41.1111,Accepted,TRUE,Hard,Hard
count-subtrees-with-max-distance-between-cities,42.2517,Accepted,31,31,31.2473,SUCCESS,85.7142,Accepted,TRUE,Hard,Hard
minimum-number-of-operations-to-make-array-empty,28.7833,Accepted,748,748,31.549,SUCCESS,31.5492,Accepted,TRUE,Medium,Medium
sum-of-total-strength-of-wizards,21.8762,Accepted,82,82,31.6374,SUCCESS,79.6612,Accepted,TRUE,Hard,Hard
the-score-of-students-solving-math-expression,23.5288,Accepted,274,274,31.708,SUCCESS,78.0488,Accepted,TRUE,Hard,Hard
difference-between-element-sum-and-digit-sum-of-an-array,91.0527,Accepted,142,142,31.8396,SUCCESS,72.0822,Accepted,TRUE,Easy,Easy
make-number-of-distinct-characters-equal,,Wrong Answer,99,99,32.5306,SUCCESS,59.0361,Accepted,TRUE,Medium,Medium
count-pairs-of-similar-strings,83.7885,Accepted,225,225,32.5692,SUCCESS,27.6759,Accepted,TRUE,Easy,Easy
count-symmetric-integers,80.1422,Accepted,1967,1967,32.5729,SUCCESS,49.6624,Accepted,TRUE,Easy,Easy
two-furthest-houses-with-different-colors,100,Accepted,126,126,32.7749,SUCCESS,57.1728,Accepted,TRUE,Easy,Easy
second-minimum-time-to-reach-destination,30.5955,Accepted,77,77,32.9211,SUCCESS,43.4782,Accepted,TRUE,Hard,Hard
minimum-index-of-a-valid-split,35.9449,Accepted,917,917,33.1755,SUCCESS,46.9682,Accepted,TRUE,Medium,Medium
last-day-where-you-can-still-cross,29.4425,Accepted,118,118,33.25,SUCCESS,66.75,Accepted,TRUE,Hard,Hard
maximize-greatness-of-an-array,46.8217,Accepted,1072,1072,33.2884,SUCCESS,54.8994,Accepted,TRUE,Medium,Medium
build-array-where-you-can-find-the-maximum-exactly-k-comparisons,92.0865,Accepted,31,31,33.3315,SUCCESS,71.2118,Accepted,TRUE,Hard,Hard
difference-between-ones-and-zeros-in-row-and-column,80.7188,Accepted,85,85,33.4737,SUCCESS,68.6197,Accepted,TRUE,Medium,Medium
average-value-of-even-numbers-that-are-divisible-by-three,43.2171,Accepted,181,181,33.5272,SUCCESS,27.7132,Accepted,TRUE,Easy,Easy
minimum-deletions-to-make-array-divisible,,Wrong Answer,49,49,34.0785,SUCCESS,80.4469,Accepted,TRUE,Hard,Hard
maximum-number-of-darts-inside-of-a-circular-dartboard,52.0544,Accepted,65,65,34.0899,SUCCESS,79.5454,Accepted,TRUE,Hard,Hard
difference-of-number-of-distinct-values-on-diagonals,40.19,Accepted,709,709,34.375,SUCCESS,70.3125,Accepted,TRUE,Medium,Medium
maximum-sum-of-distinct-subarrays-with-length-k,20.9962,Accepted,93,93,35.0124,SUCCESS,63.1607,Accepted,TRUE,Medium,Medium
minimum-time-to-remove-all-cars-containing-illegal-goods,20.3684,Accepted,89,89,35.1352,SUCCESS,21.6217,Accepted,TRUE,Hard,Hard
minimum-sum-of-mountain-triplets-i,72.14,Accepted,,,35.21,,58.88,Accepted,TRUE,Easy,Easy
check-if-an-original-string-exists-given-two-encoded-strings,52.2374,Accepted,215,215,35.2517,SUCCESS,65.4231,Accepted,TRUE,Hard,Hard
minimum-seconds-to-equalize-a-circular-array,86.842,Accepted,579,579,35.3835,SUCCESS,58.4616,Accepted,TRUE,Medium,Medium
maximum-subsequence-score,88.4683,Accepted,28,28,35.4399,SUCCESS,86.3186,Accepted,TRUE,Medium,Medium
maximum-square-area-by-removing-fences-from-a-field,70.643,Accepted,648,648,35.7118,SUCCESS,51.7852,Accepted,TRUE,Medium,Medium
count-days-without-meetings,57.9029,Accepted,578,578,35.78,SUCCESS,26.551,Accepted,TRUE,Medium,Medium
maximum-value-of-an-ordered-triplet-i,64.5163,Accepted,564,564,35.7936,SUCCESS,14.9158,Accepted,TRUE,Easy,Easy
maximum-sum-queries,67.19,Accepted,1415,1415,36.3644,SUCCESS,18.1824,Accepted,TRUE,Hard,Hard
count-palindromic-subsequences,70.7864,Accepted,63,63,36.4987,SUCCESS,18.4922,Accepted,TRUE,Hard,Hard
insert-greatest-common-divisors-in-linked-list,83.9808,Accepted,582,582,36.5944,SUCCESS,95.2941,Accepted,TRUE,Medium,Medium
count-substrings-that-satisfy-k-constraint-i,46.8691,Accepted,780,780,36.6224,SUCCESS,18.9752,Accepted,TRUE,Easy,Easy
match-substring-after-replacement,24.7188,Accepted,116,116,37.0784,SUCCESS,41.573,Accepted,TRUE,Hard,Hard
count-subarrays-of-length-three-with-a-condition,94.186,Accepted,1691,1691,37.081,SUCCESS,93.2328,Accepted,TRUE,Easy,Easy
find-the-longest-balanced-substring-of-a-binary-string,35.3294,Accepted,1848,1848,37.1727,SUCCESS,31.9371,Accepted,TRUE,Easy,Easy
find-the-number-of-winning-players,94.7369,Accepted,839,839,37.4046,SUCCESS,72.1375,Accepted,TRUE,Easy,Easy
count-pairs-that-form-a-complete-day-ii,46.2582,Accepted,714,714,37.4183,SUCCESS,6.4514,Accepted,TRUE,Medium,Medium
find-score-of-an-array-after-marking-all-elements,63.9313,Accepted,1044,1044,37.7982,SUCCESS,72.7426,Accepted,TRUE,Medium,Medium
maximum-palindromes-after-operations,54.9291,Accepted,507,507,38.0432,SUCCESS,65.2174,Accepted,TRUE,Medium,Medium
find-valid-pair-of-adjacent-digits-in-string,77.6614,Accepted,826,826,38.1985,SUCCESS,86.9474,Accepted,TRUE,Easy,Easy
minimum-operations-to-make-the-integer-zero,100,Accepted,542,542,38.3333,SUCCESS,3.3333,Accepted,TRUE,Medium,Medium
find-the-largest-area-of-square-inside-two-rectangles,67.1875,Accepted,,,38.39,,44.64,Accepted,TRUE,Medium,Medium
sliding-subarray-beauty,92.6071,Accepted,717,717,39.2565,SUCCESS,97.7779,Accepted,TRUE,Medium,Medium
minimum-operations-to-make-the-array-increasing,87.4505,Accepted,94,94,39.2724,SUCCESS,9.4103,Accepted,TRUE,Easy,Easy
cycle-length-queries-in-a-tree,83.9512,Accepted,27,27,39.3049,SUCCESS,43.2837,Accepted,TRUE,Hard,Hard
check-if-string-is-transformable-with-substring-sort-operations,36,Accepted,138,138,39.3163,SUCCESS,57.265,Accepted,TRUE,Hard,Hard
find-the-length-of-the-longest-common-prefix,53.6702,Accepted,718,718,39.8676,SUCCESS,56.1186,Accepted,TRUE,Medium,Medium
minimum-number-of-removals-to-make-mountain-array,95.7806,Accepted,91,91,39.9028,SUCCESS,80.7692,Accepted,TRUE,Hard,Hard
number-of-ways-to-earn-points,60.1058,Accepted,63,63,40.9648,SUCCESS,97.5904,Accepted,TRUE,Hard,Hard
transformed-array,7.3717,Accepted,695,695,41.4635,SUCCESS,29.8103,Accepted,TRUE,Easy,Easy
hash-divided-string,75.08,Accepted,,,41.83,,54.9,Accepted,TRUE,Medium,Medium
find-indices-with-index-and-value-difference-i,10.3773,Accepted,525,525,42.0212,SUCCESS,64.0958,Accepted,TRUE,Easy,Easy
distribute-repeating-integers,46.0522,Accepted,109,109,42.2519,SUCCESS,76.0562,Accepted,TRUE,Hard,Hard
defuse-the-bomb,100,Accepted,74,74,42.4908,SUCCESS,53.4799,Accepted,TRUE,Easy,Easy
minimum-time-to-complete-all-tasks,70.7302,Accepted,1059,1059,42.633,SUCCESS,54.2105,Accepted,TRUE,Hard,Hard
distribute-elements-into-two-arrays-ii,16.8832,Accepted,784,784,42.8564,SUCCESS,84.2857,Accepted,TRUE,Hard,Hard
find-all-k-distant-indices-in-an-array,84.0546,Accepted,87,87,42.9271,SUCCESS,27.317,Accepted,TRUE,Easy,Easy
maximum-number-that-sum-of-the-prices-is-less-than-or-equal-to-k,49.9991,Accepted,932,932,43.1368,SUCCESS,9.8039,Accepted,TRUE,Medium,Medium
find-the-n-th-value-after-k-seconds,62.2645,Accepted,708,708,44.2409,SUCCESS,47.2727,Accepted,TRUE,Medium,Medium
paths-in-matrix-whose-sum-is-divisible-by-k,,Wrong Answer,88,88,44.2541,SUCCESS,67.8163,Accepted,TRUE,Hard,Hard
find-if-digit-game-can-be-won,100,Accepted,897,897,44.455,SUCCESS,34.5023,Accepted,TRUE,Easy,Easy
count-pairs-of-connectable-servers-in-a-weighted-tree-network,39.1284,Accepted,716,716,44.5632,SUCCESS,100,Accepted,TRUE,Medium,Medium
maximum-number-of-achievable-transfer-requests,41.48,Accepted,117,117,44.6174,SUCCESS,72.3077,Accepted,TRUE,Hard,Hard
find-special-substring-of-length-k,22.9298,Accepted,812,812,44.8231,SUCCESS,86.1074,Accepted,TRUE,Easy,Easy
count-of-substrings-containing-every-vowel-and-k-consonants-i,42.105,Accepted,815,815,45.0004,SUCCESS,74.9999,Accepted,TRUE,Medium,Medium
minimum-moves-to-spread-stones-over-grid,37.5816,Accepted,,,45.04,,55.86,Accepted,TRUE,Medium,Medium
number-of-beautiful-integers-in-the-range,59.2102,Accepted,,,45.16,,43.01,Accepted,TRUE,Hard,Hard
maximum-employees-to-be-invited-to-a-meeting,38.0323,Accepted,99,99,45.2166,SUCCESS,21.3033,Accepted,TRUE,Hard,Hard
the-number-of-beautiful-subsets,44.2631,Accepted,1308,1308,45.3423,SUCCESS,51.447,Accepted,TRUE,Medium,Medium
minimum-element-after-replacement-with-digit-sum,58.62,Accepted,835,835,45.4428,SUCCESS,21.4102,Accepted,TRUE,Easy,Easy
shortest-impossible-sequence-of-rolls,41.4142,Accepted,65,65,45.4546,SUCCESS,58.4416,Accepted,TRUE,Hard,Hard
make-array-empty,62.5,Accepted,514,514,45.9448,SUCCESS,68.9187,Accepted,TRUE,Hard,Hard
sum-of-matrix-after-queries,98.8636,Accepted,2688,2688,46.1535,SUCCESS,38.4615,Accepted,TRUE,Medium,Medium
find-x-sum-of-all-k-long-subarrays-i,66.29,Accepted,906,906,46.1958,SUCCESS,97.0271,Accepted,TRUE,Easy,Easy
remove-max-number-of-edges-to-keep-graph-fully-traversable,26.58,Accepted,,,46.29,,89.71,Accepted,TRUE,Hard,Hard
high-access-employees,61.0666,Accepted,1143,1143,46.3942,SUCCESS,21.6345,Accepted,TRUE,Medium,Medium
find-the-maximum-number-of-marked-indices,,Wrong Answer,68,68,46.7067,SUCCESS,32.3354,Accepted,TRUE,Medium,Medium
minimum-levels-to-gain-more-points,23.5303,Accepted,855,855,46.9236,SUCCESS,76.1539,Accepted,TRUE,Medium,Medium
find-the-punishment-number-of-an-integer,12.677,Accepted,216,216,46.9596,SUCCESS,72.694,Accepted,TRUE,Medium,Medium
maximum-number-of-distinct-elements-after-operations,53.7734,Accepted,633,633,46.9678,SUCCESS,79.2929,Accepted,TRUE,Medium,Medium
right-triangles,64.3272,Accepted,637,637,46.9966,SUCCESS,81.4208,Accepted,TRUE,Medium,Medium
count-the-number-of-ideal-arrays,,Runtime Error,47,47,47.0484,SUCCESS,18.2068,Accepted,TRUE,Hard,Hard
count-k-subsequences-of-a-string-with-maximum-beauty,20.7545,Accepted,611,611,47.1696,SUCCESS,83.0188,Accepted,TRUE,Hard,Hard
minimum-time-to-visit-disappearing-nodes,91.06,Accepted,534,534,47.2205,SUCCESS,24.4438,Accepted,TRUE,Medium,Medium
find-the-first-player-to-win-k-games-in-a-row,75.3519,Accepted,684,684,47.4574,SUCCESS,85.5932,Accepted,TRUE,Medium,Medium
find-the-maximum-factor-score-of-array,93.6709,Accepted,752,752,47.7268,SUCCESS,24.9999,Accepted,TRUE,Medium,Medium
stone-game-viii,42.0283,Accepted,78,78,47.7277,SUCCESS,93.1819,Accepted,TRUE,Hard,Hard
maximum-tastiness-of-candy-basket,43.3213,Accepted,40,40,47.7342,SUCCESS,78.3919,Accepted,TRUE,Medium,Medium
minimum-space-wasted-from-packaging,31.9154,Accepted,42,42,48.052,SUCCESS,11.6884,Accepted,TRUE,Hard,Hard
sorting-three-groups,44.2,Accepted,,,48.17,,45.12,Accepted,TRUE,Medium,Medium
subarray-with-elements-greater-than-varying-threshold,46.8363,Accepted,68,68,48.2131,SUCCESS,69.6427,Accepted,TRUE,Hard,Hard
minimize-maximum-of-array,59.4523,Accepted,68,68,48.2681,SUCCESS,97.2773,Accepted,TRUE,Medium,Medium
minimum-number-of-pushes-to-type-word-ii,42.2941,Accepted,877,877,48.5202,SUCCESS,92.0119,Accepted,TRUE,Medium,Medium
find-the-longest-equal-subarray,63.8137,Accepted,1422,1422,48.9968,SUCCESS,16.8676,Accepted,TRUE,Medium,Medium
fruits-into-baskets-ii,,Wrong Answer,904,904,49.1796,SUCCESS,56.4251,Accepted,TRUE,Easy,Easy
count-special-quadruplets,77.3607,Accepted,211,211,49.2186,SUCCESS,57.7244,Accepted,TRUE,Easy,Easy
number-of-valid-words-in-a-sentence,39.9316,Accepted,244,244,49.4648,SUCCESS,97.6445,Accepted,TRUE,Easy,Easy
minimum-increment-operations-to-make-array-beautiful,76.1905,Accepted,570,570,49.495,SUCCESS,39.394,Accepted,TRUE,Medium,Medium
booking-concert-tickets-in-groups,50.9432,Accepted,97,97,49.9996,SUCCESS,67.4417,Accepted,TRUE,Hard,Hard
relocate-marbles,45.2631,Accepted,2129,2129,50,SUCCESS,55.8333,Accepted,TRUE,Medium,Medium
minimize-the-maximum-difference-of-pairs,39.0175,Accepted,1582,1582,50.1835,SUCCESS,38.5456,Accepted,TRUE,Medium,Medium
maximum-possible-number-by-binary-concatenation,33.3333,Accepted,752,752,50.4425,SUCCESS,14.1592,Accepted,TRUE,Medium,Medium
minimum-number-of-operations-to-sort-a-binary-tree-by-level,27.7776,Accepted,146,146,50.5088,SUCCESS,16.0894,Accepted,TRUE,Medium,Medium
maximum-beauty-of-an-array-after-applying-operation,93.3623,Accepted,622,622,50.8043,SUCCESS,69.7676,Accepted,TRUE,Medium,Medium
find-the-longest-valid-obstacle-course-at-each-position,83.3332,Accepted,78,78,50.9711,SUCCESS,64.5634,Accepted,TRUE,Hard,Hard
count-paths-that-can-form-a-palindrome-in-a-tree,21.4271,Accepted,666,666,51.1116,SUCCESS,20.0006,Accepted,TRUE,Hard,Hard
partition-string-into-minimum-beautiful-substrings,,Wrong Answer,,,51.2,,51.2,Accepted,TRUE,Medium,Medium
determine-the-minimum-sum-of-a-k-avoiding-array,53.3334,Accepted,2502,2502,51.8517,SUCCESS,59.8765,Accepted,TRUE,Medium,Medium
check-if-every-row-and-column-contains-all-numbers,50.9324,Accepted,227,227,52.2631,SUCCESS,76.3374,Accepted,TRUE,Easy,Easy
time-needed-to-buy-tickets,56.5537,Accepted,65,65,52.3086,SUCCESS,36.5127,Accepted,TRUE,Easy,Easy
convert-1d-array-into-2d-array,62.896,Accepted,107,107,52.4815,SUCCESS,94.665,Accepted,TRUE,Easy,Easy
mice-and-cheese,52.75,Accepted,564,564,52.7206,SUCCESS,28.0338,Accepted,TRUE,Medium,Medium
neither-minimum-nor-maximum,68.218,Accepted,9558,9558,53.0665,SUCCESS,9.1999,Accepted,TRUE,Easy,Easy
maximum-matching-of-players-with-trainers,22.6354,Accepted,35,35,53.0748,SUCCESS,62.8342,Accepted,TRUE,Medium,Medium
check-balanced-string,100,Accepted,868,868,53.125,SUCCESS,38.9706,Accepted,TRUE,Easy,Easy
most-frequent-even-element,38.31,Accepted,219,219,53.2481,SUCCESS,94.9803,Accepted,TRUE,Easy,Easy
decode-the-message,70.2634,Accepted,69,69,53.3108,SUCCESS,46.2649,Accepted,TRUE,Easy,Easy
cousins-in-binary-tree-ii,73.171,Accepted,41,41,53.4441,SUCCESS,93.3491,Accepted,TRUE,Medium,Medium
minimum-cost-for-cutting-cake-i,100,Accepted,533,533,53.6082,SUCCESS,59.7938,Accepted,TRUE,Medium,Medium
collecting-chocolates,19.9981,Accepted,2564,2564,53.6224,SUCCESS,98.5507,Accepted,TRUE,Medium,Medium
check-if-strings-can-be-made-equal-with-operations-ii,63.21,Accepted,752,752,53.763,SUCCESS,5.3762,Accepted,TRUE,Medium,Medium
count-the-number-of-beautiful-subarrays,52.3802,Accepted,114,114,53.7639,SUCCESS,36.5592,Accepted,TRUE,Medium,Medium
maximum-energy-boost-from-two-drinks,43.3819,Accepted,563,563,53.7915,SUCCESS,61.3789,Accepted,TRUE,Medium,Medium
visit-array-positions-to-maximize-score,59.0898,Accepted,744,744,53.7983,SUCCESS,98.1013,Accepted,TRUE,Medium,Medium
the-number-of-good-subsets,83.6069,Accepted,92,92,53.8457,SUCCESS,69.2307,Accepted,TRUE,Hard,Hard
find-champion-ii,76.6094,Accepted,758,758,54.1174,SUCCESS,33.476,Accepted,TRUE,Medium,Medium
most-frequent-ids,64.77,Accepted,623,623,54.3308,SUCCESS,53.5434,Accepted,TRUE,Medium,Medium
reward-top-k-students,54.6219,Accepted,30,30,54.4247,SUCCESS,68.1417,Accepted,TRUE,Medium,Medium
count-subarrays-with-score-less-than-k,81.3282,Accepted,167,167,54.8388,SUCCESS,89.2298,Accepted,TRUE,Hard,Hard
maximize-value-of-function-in-a-ball-passing-game,62,Accepted,948,948,55.0717,SUCCESS,46.3761,Accepted,TRUE,Hard,Hard
maximum-number-of-groups-with-increasing-length,63.4781,Accepted,2027,2027,55.6914,SUCCESS,94.309,Accepted,TRUE,Hard,Hard
maximum-sum-of-almost-unique-subarray,46.114,Accepted,767,767,55.8727,SUCCESS,53.6508,Accepted,TRUE,Medium,Medium
find-the-pivot-integer,100,Accepted,428,428,55.9171,SUCCESS,39.7435,Accepted,TRUE,Easy,Easy
find-the-sum-of-the-power-of-all-subsequences,42.6964,Accepted,,,56.41,,58.97,Accepted,TRUE,Hard,Hard
merge-strings-alternately,43.8002,Accepted,108,108,56.4418,SUCCESS,73.853,Accepted,TRUE,Easy,Easy
maximum-score-of-a-good-subarray,90.5674,Accepted,73,73,56.5963,SUCCESS,47.5072,Accepted,TRUE,Hard,Hard
minimum-difference-in-sums-after-removal-of-elements,46.1088,Accepted,110,110,56.9589,SUCCESS,77.5315,Accepted,TRUE,Hard,Hard
find-the-k-th-character-in-string-game-i,62.37,Accepted,502,502,57.1428,SUCCESS,16.7666,Accepted,TRUE,Easy,Easy
minimum-array-length-after-pair-removals,23.1943,Accepted,636,636,57.506,SUCCESS,90.0762,Accepted,TRUE,Medium,Medium
split-array-into-maximum-number-of-subarrays,66.102,Accepted,887,887,57.692,SUCCESS,78.2051,Accepted,TRUE,Medium,Medium
maximum-subarray-with-equal-products,,Wrong Answer,865,865,57.8803,SUCCESS,54.3478,Accepted,TRUE,Easy,Easy
minimum-operations-to-make-the-array-k-increasing,37.3339,Accepted,90,90,57.9704,SUCCESS,20.2895,Accepted,TRUE,Hard,Hard
count-anagrams,93.4108,Accepted,41,41,58.0187,SUCCESS,51.415,Accepted,TRUE,Hard,Hard
special-array-ii,91.4754,Accepted,536,536,58.2397,SUCCESS,80.8988,Accepted,TRUE,Medium,Medium
sum-of-number-and-its-reverse,58.921,Accepted,258,258,58.5118,SUCCESS,79.2554,Accepted,TRUE,Medium,Medium
minimum-positive-sum-subarray,97.92,Accepted,889,889,58.9087,SUCCESS,62.8062,Accepted,TRUE,Easy,Easy
design-neighbor-sum-service,95.2553,Accepted,652,652,58.9597,SUCCESS,37.2833,Accepted,TRUE,Easy,Easy
minimum-time-to-visit-a-cell-in-a-grid,,Wrong Answer,,,59.01,,52.87,Accepted,TRUE,Hard,Hard
string-compression-iii,,Wrong Answer,744,744,59.142,SUCCESS,39.9996,Accepted,TRUE,Medium,Medium
beautiful-towers-i,57.6081,Accepted,785,785,59.391,SUCCESS,64.9747,Accepted,TRUE,Medium,Medium
manhattan-distances-of-all-arrangements-of-pieces,65.625,Accepted,919,919,59.615,SUCCESS,26.9227,Accepted,TRUE,Hard,Hard
find-the-substring-with-maximum-cost,70.8995,Accepted,1054,1054,59.6342,SUCCESS,86.6973,Accepted,TRUE,Medium,Medium
design-task-manager,40.2117,Accepted,663,663,59.9077,SUCCESS,86.0349,Accepted,TRUE,Medium,Medium
ways-to-split-array-into-good-subarrays,84.4153,Accepted,553,553,59.9996,SUCCESS,20.6448,Accepted,TRUE,Medium,Medium
permutation-difference-between-two-strings,100,Accepted,823,823,60.076,SUCCESS,51.0774,Accepted,TRUE,Easy,Easy
special-permutations,84.82,Accepted,590,590,60.562,SUCCESS,15.4915,Accepted,TRUE,Medium,Medium
robot-collisions,58.7091,Accepted,2433,2433,60.7135,SUCCESS,32.8563,Accepted,TRUE,Hard,Hard
find-number-of-ways-to-reach-the-k-th-stair,34.2854,Accepted,600,600,61.3206,SUCCESS,37.7358,Accepted,TRUE,Hard,Hard
divide-intervals-into-minimum-number-of-groups,34.4278,Accepted,,,61.49,,92.24,Accepted,TRUE,Medium,Medium
redistribute-characters-to-make-all-strings-equal,74.6865,Accepted,179,179,61.7349,SUCCESS,86.7347,Accepted,TRUE,Easy,Easy
row-with-maximum-ones,75.8444,Accepted,1049,1049,62.2723,SUCCESS,22.5079,Accepted,TRUE,Easy,Easy
number-of-ways-to-rearrange-sticks-with-k-sticks-visible,94.1607,Accepted,,,62.34,,64.94,Accepted,TRUE,Hard,Hard
find-occurrences-of-an-element-in-an-array,60.1515,Accepted,527,527,62.5515,SUCCESS,83.5392,Accepted,TRUE,Medium,Medium
count-beautiful-substrings-i,39.8455,Accepted,619,619,62.6075,SUCCESS,99.1304,Accepted,TRUE,Medium,Medium
extra-characters-in-a-string,98.28,Accepted,,,62.68,,79.49,Accepted,TRUE,Medium,Medium
minimum-processing-time,54.9591,Accepted,716,716,63.1576,SUCCESS,51.5786,Accepted,TRUE,Medium,Medium
minimum-replacements-to-sort-the-array,91.4286,Accepted,47,47,63.2074,SUCCESS,74.5282,Accepted,TRUE,Hard,Hard
count-the-number-of-incremovable-subarrays-i,,Wrong Answer,615,615,63.6375,SUCCESS,43.3884,Accepted,TRUE,Easy,Easy
design-a-text-editor,94.9496,Accepted,45,45,63.7865,SUCCESS,29.2059,Accepted,TRUE,Hard,Hard
maximum-deletions-on-a-string,58.75,Accepted,129,129,63.8291,SUCCESS,85.1063,Accepted,TRUE,Hard,Hard
sum-in-a-matrix,92.0001,Accepted,1057,1057,63.8888,SUCCESS,37.4999,Accepted,TRUE,Medium,Medium
design-graph-with-shortest-path-calculator,93.3736,Accepted,36,36,64.119,SUCCESS,30.5882,Accepted,TRUE,Hard,Hard
split-strings-by-separator,7.4554,Accepted,1036,1036,64.2978,SUCCESS,40.1016,Accepted,TRUE,Easy,Easy
determine-if-a-cell-is-reachable-at-a-given-time,65.0487,Accepted,806,806,64.4473,SUCCESS,13.8775,Accepted,TRUE,Medium,Medium
sum-multiples,100,Accepted,1000,1000,64.4929,SUCCESS,67.1843,Accepted,TRUE,Easy,Easy
count-equal-and-divisible-pairs-in-an-array,96.6148,Accepted,238,238,64.5307,SUCCESS,31.9371,Accepted,TRUE,Easy,Easy
find-the-maximum-divisibility-score,93.151,Accepted,160,160,64.8,SUCCESS,90,Accepted,TRUE,Easy,Easy
minimum-number-of-operations-to-make-elements-in-array-distinct,50.8975,Accepted,781,781,64.8102,SUCCESS,8.2146,Accepted,TRUE,Easy,Easy
choose-k-elements-with-maximum-sum,,Runtime Error,635,635,64.825,SUCCESS,79.3971,Accepted,TRUE,Medium,Medium
maximum-difference-between-adjacent-elements-in-a-circular-array,100,Accepted,962,962,64.9706,SUCCESS,16.047,Accepted,TRUE,Easy,Easy
frog-jump-ii,62.6604,Accepted,34,34,65.0976,SUCCESS,47.0589,Accepted,TRUE,Medium,Medium
distribute-candies-among-children-i,75.5556,Accepted,,,65.1,,20.9,Accepted,TRUE,Easy,Easy
remove-nodes-from-linked-list,93.5159,Accepted,32,32,65.1928,SUCCESS,45.7394,Accepted,TRUE,Medium,Medium
stone-game-iii,93.253,Accepted,,,65.21,,86.13,Accepted,TRUE,Hard,Hard
minimum-degree-of-a-connected-trio-in-a-graph,82.99,Accepted,68,68,65.3544,SUCCESS,21.26,Accepted,TRUE,Hard,Hard
find-xor-beauty-of-array,61.2245,Accepted,32,32,65.4618,SUCCESS,59.0362,Accepted,TRUE,Medium,Medium
find-all-good-indices,55.3573,Accepted,68,68,65.5399,SUCCESS,37.8372,Accepted,TRUE,Medium,Medium
generate-binary-strings-without-adjacent-zeros,68.8051,Accepted,,,65.56,,45.88,Accepted,TRUE,Medium,Medium
longest-subarray-with-maximum-bitwise-and,88.5059,Accepted,52,52,65.625,SUCCESS,34.375,Accepted,TRUE,Medium,Medium
longest-subsequence-with-limited-sum,97.7214,Accepted,57,57,65.7516,SUCCESS,25.4248,Accepted,TRUE,Easy,Easy
smallest-subarrays-with-maximum-bitwise-or,32.9524,Accepted,59,59,65.854,SUCCESS,75.6098,Accepted,TRUE,Medium,Medium
process-restricted-friend-requests,62.64,Accepted,,,66.42,,74.63,Accepted,TRUE,Hard,Hard
maximum-strong-pair-xor-i,77.5887,Accepted,861,861,66.4739,SUCCESS,97.8805,Accepted,TRUE,Easy,Easy
length-of-the-longest-valid-substring,54.8785,Accepted,763,763,66.5473,SUCCESS,74.733,Accepted,TRUE,Hard,Hard
make-lexicographically-smallest-array-by-swapping-elements,60.5389,Accepted,523,523,66.8378,SUCCESS,98.7145,Accepted,TRUE,Medium,Medium
minimize-deviation-in-array,63.636,Accepted,76,76,67.1225,SUCCESS,68.4931,Accepted,TRUE,Hard,Hard
minimum-number-of-operations-to-make-array-xor-equal-to-k,68.4784,Accepted,684,684,67.1358,SUCCESS,51.6432,Accepted,TRUE,Medium,Medium
minimum-cost-for-cutting-cake-ii,29.41,Accepted,566,566,67.1875,SUCCESS,50,Accepted,TRUE,Hard,Hard
strange-printer-ii,61.6869,Accepted,153,153,67.3765,SUCCESS,5.6737,Accepted,TRUE,Hard,Hard
find-xor-sum-of-all-pairs-bitwise-and,23.3083,Accepted,84,84,67.5673,SUCCESS,97.2972,Accepted,TRUE,Hard,Hard
sum-of-imbalance-numbers-of-all-subarrays,55.2629,Accepted,1303,1303,67.5676,SUCCESS,18.919,Accepted,TRUE,Hard,Hard
count-ways-to-build-good-strings,87.1344,Accepted,36,36,67.7021,SUCCESS,83.0188,Accepted,TRUE,Medium,Medium
fancy-sequence,94.7368,Accepted,107,107,67.742,SUCCESS,100,Accepted,TRUE,Hard,Hard
rearrange-array-to-maximize-prefix-score,67.4665,Accepted,1071,1071,67.9084,SUCCESS,60.7451,Accepted,TRUE,Medium,Medium
minimum-number-of-operations-to-make-word-k-periodic,42.9757,Accepted,820,820,68.0854,SUCCESS,6.3828,Accepted,TRUE,Medium,Medium
kth-distinct-string-in-an-array,71.0307,Accepted,66,66,68.1016,SUCCESS,67.7488,Accepted,TRUE,Easy,Easy
divide-array-into-equal-pairs,68.2,Accepted,137,137,68.1967,SUCCESS,72.6777,Accepted,TRUE,Easy,Easy
minimum-number-of-days-to-disconnect-island,76.875,Accepted,104,104,68.3459,SUCCESS,75.5396,Accepted,TRUE,Hard,Hard
minimize-string-length,69.2759,Accepted,5013,5013,68.3673,SUCCESS,96.5306,Accepted,TRUE,Easy,Easy
number-of-increasing-paths-in-a-grid,75.54,Accepted,,,68.58,,77.43,Accepted,TRUE,Hard,Hard
maximum-prime-difference,58.9481,Accepted,904,904,68.7499,SUCCESS,35.5769,Accepted,TRUE,Medium,Medium
maximum-number-of-alloys,,Wrong Answer,731,731,68.841,SUCCESS,58.6957,Accepted,TRUE,Medium,Medium
finding-3-digit-even-numbers,82.06,Accepted,79,79,68.8474,SUCCESS,43.2722,Accepted,TRUE,Easy,Easy
difference-between-maximum-and-minimum-price-sum,71.1114,Accepted,58,58,68.9655,SUCCESS,65.5171,Accepted,TRUE,Hard,Hard
build-a-matrix-with-conditions,52.7919,Accepted,53,53,68.9903,SUCCESS,87.0192,Accepted,TRUE,Hard,Hard
maximum-number-of-robots-within-budget,27.3456,Accepted,82,82,69.061,SUCCESS,48.7623,Accepted,TRUE,Hard,Hard
check-if-two-chessboard-squares-have-the-same-color,23.1144,Accepted,506,506,69.144,SUCCESS,84.9002,Accepted,TRUE,Easy,Easy
replace-non-coprime-numbers-in-array,83.146,Accepted,71,71,69.565,SUCCESS,94.2028,Accepted,TRUE,Hard,Hard
shortest-string-that-contains-three-strings,78.4814,Accepted,5324,5324,69.8626,SUCCESS,21.9179,Accepted,TRUE,Medium,Medium
count-array-pairs-divisible-by-k,,Wrong Answer,115,115,70.1287,SUCCESS,87.0129,Accepted,TRUE,Hard,Hard
check-if-matrix-is-x-matrix,31.49,Accepted,84,84,70.2778,SUCCESS,70.5556,Accepted,TRUE,Easy,Easy
smallest-missing-non-negative-integer-after-operations,63.9336,Accepted,1062,1062,70.5042,SUCCESS,57.5542,Accepted,TRUE,Medium,Medium
count-number-of-distinct-integers-after-reverse-operations,31.1806,Accepted,,,70.51,,93.13,Accepted,TRUE,Medium,Medium
number-of-unequal-triplets-in-array,20.493,Accepted,104,104,70.6514,SUCCESS,58.6994,Accepted,TRUE,Easy,Easy
allocate-mailboxes,,Wrong Answer,,,70.71,,77.27,Accepted,TRUE,Hard,Hard
count-the-number-of-good-subarrays,49.5112,Accepted,41,41,70.7684,SUCCESS,93.786,Accepted,TRUE,Medium,Medium
number-of-ways-to-divide-a-long-corridor,75.6757,Accepted,248,248,70.8865,SUCCESS,32.9115,Accepted,TRUE,Hard,Hard
minimum-money-required-before-transactions,97.1428,Accepted,56,56,70.9678,SUCCESS,54.8388,Accepted,TRUE,Hard,Hard
separate-squares-ii,86.4579,Accepted,763,763,71.014,SUCCESS,97.1014,Accepted,TRUE,Hard,Hard
minimum-cost-to-make-all-characters-equal,80.2467,Accepted,1574,1574,71.25,SUCCESS,73.75,Accepted,TRUE,Medium,Medium
longest-non-decreasing-subarray-from-two-arrays,99.2518,Accepted,2973,2973,71.6291,SUCCESS,73.0337,Accepted,TRUE,Medium,Medium
stone-game-iv,85.294,Accepted,72,72,71.7262,SUCCESS,87.958,Accepted,TRUE,Hard,Hard
find-the-kth-smallest-sum-of-a-matrix-with-sorted-rows,70.6671,Accepted,72,72,71.7949,SUCCESS,32.8205,Accepted,TRUE,Hard,Hard
count-submatrices-with-top-left-element-and-sum-less-than-k,88.957,Accepted,859,859,71.8226,SUCCESS,23.7568,Accepted,TRUE,Medium,Medium
earliest-second-to-mark-indices-i,68.254,Accepted,570,570,71.875,SUCCESS,51.5625,Accepted,TRUE,Medium,Medium
destroy-sequential-targets,62.8568,Accepted,45,45,71.9624,SUCCESS,26.1679,Accepted,TRUE,Medium,Medium
ant-on-the-boundary,44.7986,Accepted,641,641,72.0451,SUCCESS,94.5591,Accepted,TRUE,Easy,Easy
rearranging-fruits,86.3945,Accepted,40,40,72.0928,SUCCESS,76.7441,Accepted,TRUE,Hard,Hard
maximum-value-of-an-ordered-triplet-ii,,Wrong Answer,599,599,72.1853,SUCCESS,97.2923,Accepted,TRUE,Medium,Medium
car-fleet-ii,79.6051,Accepted,85,85,72.3078,SUCCESS,76.1539,Accepted,TRUE,Hard,Hard
palindrome-partitioning-iv,83.56,Accepted,,,72.31,,46.05,Accepted,TRUE,Hard,Hard
find-all-people-with-secret,56.3299,Accepted,56,56,72.3925,SUCCESS,69.325,Accepted,TRUE,Hard,Hard
find-longest-awesome-substring,18.75,Accepted,153,153,72.4143,SUCCESS,96.5517,Accepted,TRUE,Hard,Hard
number-of-ways-of-cutting-a-pizza,,Wrong Answer,54,54,72.4837,SUCCESS,89.9329,Accepted,TRUE,Hard,Hard
number-of-adjacent-elements-with-the-same-color,95.6989,Accepted,183,183,72.619,SUCCESS,40.0794,Accepted,TRUE,Medium,Medium
maximum-number-of-balls-in-a-box,17.1567,Accepted,97,97,72.7272,SUCCESS,25.7576,Accepted,TRUE,Easy,Easy
longest-nice-substring,70.941,Accepted,73,73,73.0665,SUCCESS,40.0363,Accepted,TRUE,Easy,Easy
count-fertile-pyramids-in-a-land,61.64,Accepted,,,73.08,,47.44,Accepted,TRUE,Hard,Hard
largest-element-in-an-array-after-merge-operations,95.4838,Accepted,1023,1023,73.2921,SUCCESS,83.2299,Accepted,TRUE,Medium,Medium
minimum-score-after-removals-on-a-tree,97.1429,Accepted,65,65,73.5292,SUCCESS,94.1176,Accepted,TRUE,Hard,Hard
find-the-sum-of-encrypted-integers,66.0274,Accepted,865,865,73.6842,SUCCESS,96.7418,Accepted,TRUE,Easy,Easy
find-the-score-of-all-prefixes-of-an-array,96.7592,Accepted,43,43,73.8888,SUCCESS,32.222,Accepted,TRUE,Medium,Medium
maximize-win-from-two-segments,71,Accepted,72,72,73.9502,SUCCESS,42.0169,Accepted,TRUE,Medium,Medium
divide-array-into-arrays-with-max-difference,95.8421,Accepted,1117,1117,74.0089,SUCCESS,56.3878,Accepted,TRUE,Medium,Medium
apply-operations-to-maximize-score,85.294,Accepted,870,870,74.0158,SUCCESS,74.8032,Accepted,TRUE,Hard,Hard
count-of-interesting-subarrays,50.7523,Accepted,617,617,74.1759,SUCCESS,67.9745,Accepted,TRUE,Medium,Medium
minimum-operations-to-form-subsequence-with-target-sum,,Wrong Answer,754,754,74.1936,SUCCESS,22.5807,Accepted,TRUE,Hard,Hard
sorting-the-sentence,97.55,Accepted,,,74.41,,69.06,Accepted,TRUE,Easy,Easy
number-of-ways-to-reorder-array-to-get-same-bst,98.4127,Accepted,161,161,74.4184,SUCCESS,88.372,Accepted,TRUE,Hard,Hard
minimum-total-cost-to-make-arrays-unequal,80.2324,Accepted,104,104,74.6032,SUCCESS,33.3334,Accepted,TRUE,Hard,Hard
count-pairs-that-form-a-complete-day-i,85.9575,Accepted,667,667,74.87,SUCCESS,82.1491,Accepted,TRUE,Easy,Easy
maximize-happiness-of-selected-children,33.8017,Accepted,,,74.88,,93.6,Accepted,TRUE,Medium,Medium
count-the-number-of-incremovable-subarrays-ii,,Wrong Answer,840,840,75,SUCCESS,50.9616,Accepted,TRUE,Hard,Hard
lexicographically-smallest-string-after-substring-operation,72.02,Accepted,,,75.29,,28.16,Accepted,TRUE,Medium,Medium
valid-arrangement-of-pairs,54.5035,Accepted,40,40,75.4624,SUCCESS,93.9812,Accepted,TRUE,Hard,Hard
meeting-rooms-iii,77.7605,Accepted,81,81,75.4642,SUCCESS,67.6809,Accepted,TRUE,Hard,Hard
max-dot-product-of-two-subsequences,49.06,Accepted,,,75.48,,63.23,Accepted,TRUE,Hard,Hard
maximum-number-of-events-that-can-be-attended-ii,34.5137,Accepted,69,69,75.5404,SUCCESS,69.7848,Accepted,TRUE,Hard,Hard
partition-string-into-substrings-with-values-at-most-k,74.336,Accepted,56,56,75.7352,SUCCESS,33.8235,Accepted,TRUE,Medium,Medium
minimum-operations-to-make-columns-strictly-increasing,94.2761,Accepted,722,722,76.0192,SUCCESS,52.2782,Accepted,TRUE,Easy,Easy
find-critical-and-pseudo-critical-edges-in-minimum-spanning-tree,,Wrong Answer,66,66,76.3644,SUCCESS,41.0909,Accepted,TRUE,Hard,Hard
count-the-number-of-arrays-with-k-matching-adjacent-elements,47.0527,Accepted,809,809,76.5428,SUCCESS,7.4073,Accepted,TRUE,Hard,Hard
put-marbles-in-bags,81.2801,Accepted,,,76.58,,35.1,Accepted,TRUE,Hard,Hard
sum-of-scores-of-built-strings,35.2936,Accepted,150,150,76.6234,SUCCESS,93.5065,Accepted,TRUE,Hard,Hard
minimum-operations-to-maximize-last-elements-in-arrays,,Wrong Answer,,,77.08,,59.38,Accepted,TRUE,Medium,Medium
minimum-cost-to-split-an-array,91.7651,Accepted,59,59,77.2711,SUCCESS,84.3433,Accepted,TRUE,Hard,Hard
count-pairs-of-points-with-distance-k,85.7144,Accepted,1007,1007,77.273,SUCCESS,59.0908,Accepted,TRUE,Medium,Medium
minimum-number-of-operations-to-make-array-continuous,92.16,Accepted,,,77.29,,16.16,Accepted,TRUE,Hard,Hard
sum-of-digit-differences-of-all-pairs,46.7638,Accepted,643,643,77.6,SUCCESS,16.8,Accepted,TRUE,Medium,Medium
minimum-number-of-changes-to-make-binary-string-beautiful,42.41,Accepted,577,577,77.8062,SUCCESS,64.5408,Accepted,TRUE,Medium,Medium
gcd-sort-of-an-array,94.62,Accepted,91,91,77.9663,SUCCESS,77.9663,Accepted,TRUE,Hard,Hard
longest-substring-of-one-repeating-character,73.4375,Accepted,57,57,78.049,SUCCESS,36.5858,Accepted,TRUE,Hard,Hard
maximum-points-inside-the-square,87.4076,Accepted,576,576,78.2253,SUCCESS,66.9355,Accepted,TRUE,Medium,Medium
count-vowel-strings-in-ranges,94.947,Accepted,94,94,78.3295,SUCCESS,76.5238,Accepted,TRUE,Medium,Medium
find-the-divisibility-array-of-a-string,59.9055,Accepted,51,51,78.4921,SUCCESS,84.0782,Accepted,TRUE,Medium,Medium
minimum-cost-to-change-the-final-value-of-expression,84,Accepted,70,70,78.5716,SUCCESS,96.4286,Accepted,TRUE,Hard,Hard
apply-operations-on-array-to-maximize-sum-of-squares,51.1624,Accepted,918,918,78.7879,SUCCESS,87.8788,Accepted,TRUE,Hard,Hard
count-pairs-of-nodes,46.1532,Accepted,63,63,78.9472,SUCCESS,64.9122,Accepted,TRUE,Hard,Hard
maximum-total-damage-with-spell-casting,5,Accepted,554,554,78.966,SUCCESS,77.5861,Accepted,TRUE,Medium,Medium
find-the-minimum-area-to-cover-all-ones-i,74.684,Accepted,712,712,78.9865,SUCCESS,36.9564,Accepted,TRUE,Medium,Medium
find-the-losers-of-the-circular-game,74.4565,Accepted,1277,1277,79,SUCCESS,48,Accepted,TRUE,Easy,Easy
ways-to-express-an-integer-as-sum-of-powers,82.8,Accepted,1502,1502,79.0246,SUCCESS,82.9269,Accepted,TRUE,Medium,Medium
minimize-length-of-array-using-operations,44.8277,Accepted,523,523,79.4116,SUCCESS,67.647,Accepted,TRUE,Medium,Medium
points-that-intersect-with-cars,83.7712,Accepted,807,807,79.513,SUCCESS,66.3324,Accepted,TRUE,Easy,Easy
minimum-number-of-operations-to-make-arrays-similar,59.0247,Accepted,32,32,79.5701,SUCCESS,58.6022,Accepted,TRUE,Hard,Hard
find-longest-special-substring-that-occurs-thrice-ii,,Wrong Answer,906,906,79.9061,SUCCESS,33.6443,Accepted,TRUE,Medium,Medium
count-all-possible-routes,,Wrong Answer,109,109,80.0007,SUCCESS,88.3334,Accepted,TRUE,Hard,Hard
count-operations-to-obtain-zero,100,Accepted,161,161,80.1642,SUCCESS,15.7276,Accepted,TRUE,Easy,Easy
divide-players-into-teams-of-equal-skill,88.1702,Accepted,89,89,80.1652,SUCCESS,13.6954,Accepted,TRUE,Medium,Medium
number-of-subarrays-with-gcd-equal-to-k,78.613,Accepted,87,87,80.3799,SUCCESS,56.9619,Accepted,TRUE,Medium,Medium
maximum-elegance-of-a-k-length-subsequence,66.6662,Accepted,2729,2729,80.392,SUCCESS,39.2156,Accepted,TRUE,Hard,Hard
number-of-ways-to-reconstruct-a-tree,91.4286,Accepted,81,81,80.769,SUCCESS,84.6153,Accepted,TRUE,Hard,Hard
sort-the-people,80.0758,Accepted,,,80.96,,75.21,Accepted,TRUE,Easy,Easy
maximum-number-of-k-divisible-components,37.9998,Accepted,736,736,80.9885,SUCCESS,26.2356,Accepted,TRUE,Hard,Hard
minimum-number-of-coins-to-be-added,92.9078,Accepted,628,628,80.9918,SUCCESS,71.0744,Accepted,TRUE,Medium,Medium
minimum-time-to-repair-cars,82.9341,Accepted,1072,1072,81.1238,SUCCESS,82.251,Accepted,TRUE,Medium,Medium
find-common-elements-between-two-arrays,60.4755,Accepted,1208,1208,81.1696,SUCCESS,83.6257,Accepted,TRUE,Easy,Easy
minimum-cost-to-cut-a-stick,98.58,Accepted,,,81.27,,62.99,Accepted,TRUE,Hard,Hard
maximum-sum-of-an-hourglass,73.5931,Accepted,41,41,81.3665,SUCCESS,20.4969,Accepted,TRUE,Medium,Medium
maximum-path-quality-of-a-graph,86.6386,Accepted,62,62,81.4389,SUCCESS,54.1666,Accepted,TRUE,Hard,Hard
naming-a-company,89.9224,Accepted,89,89,81.4434,SUCCESS,36.0823,Accepted,TRUE,Hard,Hard
cherry-pickup-ii,91.2649,Accepted,59,59,81.5256,SUCCESS,75.5726,Accepted,TRUE,Hard,Hard
number-of-distinct-roll-sequences,91,Accepted,,,81.71,,63.41,Accepted,TRUE,Hard,Hard
number-of-rectangles-that-can-form-the-largest-square,67.04,Accepted,68,68,81.7911,SUCCESS,97.3134,Accepted,TRUE,Easy,Easy
length-of-longest-subarray-with-at-most-k-frequency,98.1688,Accepted,993,993,81.9885,SUCCESS,71.5566,Accepted,TRUE,Medium,Medium
make-string-a-subsequence-using-cyclic-increments,61.1401,Accepted,1128,1128,82.1586,SUCCESS,74.8898,Accepted,TRUE,Medium,Medium
maximum-building-height,39.0249,Accepted,50,50,82.2224,SUCCESS,91.1111,Accepted,TRUE,Hard,Hard
number-of-unique-good-subsequences,79.4116,Accepted,69,69,82.2786,SUCCESS,62.0253,Accepted,TRUE,Hard,Hard
total-appeal-of-a-string,66.8536,Accepted,77,77,82.38,SUCCESS,21.5104,Accepted,TRUE,Hard,Hard
continuous-subarrays,82.9921,Accepted,2139,2139,82.5464,SUCCESS,64.5791,Accepted,TRUE,Medium,Medium
minimum-score-of-a-path-between-two-cities,83.5155,Accepted,43,43,82.7734,SUCCESS,75.7659,Accepted,TRUE,Medium,Medium
maximum-genetic-difference-query,80,Accepted,59,59,82.927,SUCCESS,92.683,Accepted,TRUE,Hard,Hard
closest-subsequence-sum,93.4886,Accepted,74,74,83.116,SUCCESS,53.2458,Accepted,TRUE,Hard,Hard
minimum-operations-to-make-median-of-array-equal-to-k,100,Accepted,723,723,83.1521,SUCCESS,30.9779,Accepted,TRUE,Medium,Medium
number-of-great-partitions,85.9874,Accepted,46,46,83.3335,SUCCESS,96.6667,Accepted,TRUE,Hard,Hard
maximize-score-after-n-operations,,Wrong Answer,77,77,83.4426,SUCCESS,41.0588,Accepted,TRUE,Hard,Hard
take-gifts-from-the-richest-pile,82.5921,Accepted,103,103,83.4441,SUCCESS,10.1728,Accepted,TRUE,Easy,Easy
check-if-digits-are-equal-in-string-after-operations-i,75.657,Accepted,706,706,83.7814,SUCCESS,28.8077,Accepted,TRUE,Easy,Easy
number-of-subarrays-with-lcm-equal-to-k,90.6045,Accepted,102,102,83.8707,SUCCESS,29.0323,Accepted,TRUE,Medium,Medium
minimum-operations-to-make-all-array-elements-equal,58.1826,Accepted,31,31,83.9691,SUCCESS,29.7707,Accepted,TRUE,Medium,Medium
double-a-number-represented-as-a-linked-list,64.9689,Accepted,1265,1265,84.0105,SUCCESS,41.8782,Accepted,TRUE,Medium,Medium
design-spreadsheet,75.3221,Accepted,658,658,84.0784,SUCCESS,70.6618,Accepted,TRUE,Medium,Medium
maximum-number-of-points-from-grid-queries,85.8061,Accepted,22,22,84.1169,SUCCESS,75.839,Accepted,TRUE,Hard,Hard
minimum-possible-integer-after-at-most-k-adjacent-swaps-on-digits,,Wrong Answer,50,50,84.2104,SUCCESS,21.0524,Accepted,TRUE,Hard,Hard
maximum-score-from-performing-multiplication-operations,97.6564,Accepted,,,84.44,,84.44,Accepted,TRUE,Hard,Hard
number-of-possible-sets-of-closing-branches,42.57,Wrong Answer,533,533,84.4829,SUCCESS,77.5862,Accepted,TRUE,Hard,Hard
find-the-original-array-of-prefix-xor,49.7696,Accepted,46,46,84.6045,SUCCESS,65.4645,Accepted,TRUE,Medium,Medium
find-beautiful-indices-in-the-given-array-i,60.625,Accepted,535,535,84.6388,SUCCESS,66.717,Accepted,TRUE,Medium,Medium
shortest-uncommon-substring-in-an-array,65.7899,Accepted,631,631,84.7403,SUCCESS,96.6474,Accepted,TRUE,Medium,Medium
count-ways-to-make-array-with-product,77.0264,Accepted,67,67,84.7677,SUCCESS,48.3443,Accepted,TRUE,Hard,Hard
find-the-number-of-distinct-colors-among-the-balls,99.0087,Accepted,551,551,85.0204,SUCCESS,58.0974,Accepted,TRUE,Medium,Medium
separate-the-digits-in-an-array,27.0317,Accepted,52,52,85.0364,SUCCESS,52.5546,Accepted,TRUE,Easy,Easy
next-greater-element-iv,32.2,Accepted,51,51,85.1283,SUCCESS,63.59,Accepted,TRUE,Hard,Hard
maximum-number-of-integers-to-choose-from-a-range-i,63.1576,Accepted,208,208,85.3551,SUCCESS,5.0296,Accepted,TRUE,Medium,Medium
number-of-different-subsequences-gcds,77.272,Accepted,39,39,85.4169,SUCCESS,79.1668,Accepted,TRUE,Hard,Hard
length-of-the-longest-alphabetical-continuous-substring,74.0724,Accepted,123,123,85.4613,SUCCESS,27.305,Accepted,TRUE,Medium,Medium
longest-uploaded-prefix,86.3632,Accepted,24,24,85.714,SUCCESS,12.8568,Accepted,TRUE,Medium,Medium
count-number-of-possible-root-nodes,79.7617,Accepted,51,51,85.8401,SUCCESS,83.1854,Accepted,TRUE,Hard,Hard
maximum-star-sum-of-a-graph,90.6432,Accepted,25,25,85.849,SUCCESS,51.4149,Accepted,TRUE,Medium,Medium
make-costs-of-paths-equal-in-a-binary-tree,82.6084,Accepted,1565,1565,85.9423,SUCCESS,76.6772,Accepted,TRUE,Medium,Medium
taking-maximum-energy-from-the-mystic-dungeon,80.158,Accepted,533,533,86.2897,SUCCESS,48.3869,Accepted,TRUE,Medium,Medium
minimum-cost-to-convert-string-i,94.91,Accepted,,,86.46,,56.6,Accepted,TRUE,Medium,Medium
house-robber-iv,87.525,Accepted,64,64,86.512,SUCCESS,77.082,Accepted,TRUE,Medium,Medium
minimum-number-of-increments-on-subarrays-to-form-a-target-array,93.1696,Accepted,129,129,86.6346,SUCCESS,31.4009,Accepted,TRUE,Hard,Hard
reverse-odd-levels-of-binary-tree,33.761,Accepted,57,57,86.8746,SUCCESS,55.0451,Accepted,TRUE,Medium,Medium
find-the-k-or-of-an-array,60.5266,Accepted,951,951,86.8851,SUCCESS,91.3934,Accepted,TRUE,Easy,Easy
minimum-changes-to-make-alternating-binary-string,60.5261,Accepted,89,89,87.0564,SUCCESS,62.4217,Accepted,TRUE,Easy,Easy
maximum-or,89.7058,Accepted,1215,1215,87.0588,SUCCESS,11.7647,Accepted,TRUE,Medium,Medium
collect-coins-in-a-tree,87.2215,Accepted,4986,4986,87.1562,SUCCESS,93.578,Accepted,TRUE,Hard,Hard
checking-existence-of-edge-length-limited-paths,94.16,Accepted,,,87.33,,30,Accepted,TRUE,Hard,Hard
count-visited-nodes-in-a-directed-graph,91.045,Accepted,941,941,87.5001,SUCCESS,87.5001,Accepted,TRUE,Hard,Hard
find-the-maximum-sum-of-node-values,61.6477,Accepted,718,718,87.5954,SUCCESS,62.6944,Accepted,TRUE,Hard,Hard
disconnect-path-in-a-binary-matrix-by-at-most-one-flip,100,Accepted,55,55,87.8049,SUCCESS,81.301,Accepted,TRUE,Medium,Medium
sort-matrix-by-diagonals,91.67,Accepted,1306,1306,87.8307,SUCCESS,99.4709,Accepted,TRUE,Medium,Medium
find-a-safe-walk-through-a-grid,90,Accepted,,,87.85,,72.59,Accepted,TRUE,Medium,Medium
count-pairs-with-xor-in-a-range,85.94,Accepted,,,87.88,,69.7,Accepted,TRUE,Hard,Hard
find-a-value-of-a-mysterious-function-closest-to-target,86.2744,Accepted,,,87.93,,75.86,Accepted,TRUE,Hard,Hard
number-of-beautiful-pairs,80.1238,Accepted,3005,3005,88.4619,SUCCESS,10.8974,Accepted,TRUE,Easy,Easy
minimum-time-to-finish-the-race,,Wrong Answer,58,58,88.5253,SUCCESS,87.4318,Accepted,TRUE,Hard,Hard
number-of-ways-to-paint-n-3-grid,74.0195,Accepted,50,50,88.5351,SUCCESS,59.0235,Accepted,TRUE,Hard,Hard
find-consecutive-integers-from-a-data-stream,10.2765,Accepted,38,38,89.0108,SUCCESS,6.3183,Accepted,TRUE,Medium,Medium
minimum-operations-to-make-a-subsequence,30.7693,Accepted,82,82,89.0625,SUCCESS,35.9375,Accepted,TRUE,Hard,Hard
smallest-k-length-subsequence-with-occurrences-of-a-letter,86.2744,Accepted,152,152,89.2858,SUCCESS,73.2142,Accepted,TRUE,Hard,Hard
minimum-cost-to-make-array-equal,,Wrong Answer,48,48,89.3835,SUCCESS,64.041,Accepted,TRUE,Hard,Hard
optimal-partition-of-string,32.5888,Accepted,62,62,89.4223,SUCCESS,84.9628,Accepted,TRUE,Medium,Medium
largest-odd-number-in-string,47.53,Accepted,,,89.63,,20.55,Accepted,TRUE,Easy,Easy
count-of-matches-in-tournament,93.0781,Accepted,200,200,89.6698,SUCCESS,29.5512,Accepted,TRUE,Easy,Easy
minimum-xor-sum-of-two-arrays,82.4426,Accepted,64,64,89.9999,SUCCESS,87.1428,Accepted,TRUE,Hard,Hard
latest-time-you-can-obtain-after-replacing-characters,99.1416,Accepted,908,908,90.1236,SUCCESS,35.3087,Accepted,TRUE,Easy,Easy
maximum-total-reward-using-operations-i,88.3108,Accepted,586,586,90.1513,SUCCESS,84.8484,Accepted,TRUE,Medium,Medium
apply-operations-to-make-all-array-elements-equal-to-zero,93.6843,Accepted,1029,1029,90.3028,SUCCESS,92.1212,Accepted,TRUE,Medium,Medium
append-characters-to-string-to-make-subsequence,97.7778,Accepted,86,86,90.3382,SUCCESS,20.2899,Accepted,TRUE,Medium,Medium
distinct-prime-factors-of-product-of-array,75.7697,Accepted,81,81,90.345,SUCCESS,90.3448,Accepted,TRUE,Medium,Medium
lexicographically-smallest-palindrome,37.5001,Accepted,4519,4519,90.5097,SUCCESS,49.0334,Accepted,TRUE,Easy,Easy
count-the-number-of-houses-at-a-certain-distance-i,89.7262,Accepted,880,880,90.5512,SUCCESS,36.2206,Accepted,TRUE,Medium,Medium
minimum-score-by-changing-two-elements,55.4347,Accepted,70,70,90.5882,SUCCESS,25.8822,Accepted,TRUE,Medium,Medium
properties-graph,5.0256,Accepted,668,668,90.676,SUCCESS,73.3119,Accepted,TRUE,Medium,Medium
prime-pairs-with-target-sum,89.819,Accepted,554,554,90.6784,SUCCESS,5.0851,Accepted,TRUE,Medium,Medium
restore-the-array,84.0702,Accepted,86,86,90.8337,SUCCESS,65.8335,Accepted,TRUE,Hard,Hard
find-the-value-of-the-partition,100,Accepted,806,806,90.9089,SUCCESS,26.6233,Accepted,TRUE,Medium,Medium
smallest-missing-genetic-value-in-each-subtree,89.5834,Accepted,68,68,90.9091,SUCCESS,86.3637,Accepted,TRUE,Hard,Hard
count-prefix-and-suffix-pairs-i,99.3933,Accepted,594,594,90.9546,SUCCESS,39.1959,Accepted,TRUE,Easy,Easy
frequency-tracker,98.0519,Accepted,1118,1118,91.0446,SUCCESS,37.3135,Accepted,TRUE,Medium,Medium
minimum-absolute-difference-between-elements-with-constraint,92.088,Accepted,,,91.1,,64.06,Accepted,TRUE,Medium,Medium
number-of-ways-to-wear-different-hats-to-each-other,96.9388,Accepted,65,65,91.2088,SUCCESS,97.8022,Accepted,TRUE,Hard,Hard
minimum-common-value,88.5013,Accepted,41,41,91.2305,SUCCESS,29.0633,Accepted,TRUE,Easy,Easy
maximum-xor-with-an-element-from-array,92.7761,Accepted,67,67,91.3266,SUCCESS,40.3065,Accepted,TRUE,Hard,Hard
longest-cycle-in-a-graph,97.5712,Accepted,81,81,91.3719,SUCCESS,76.3279,Accepted,TRUE,Hard,Hard
minimum-white-tiles-after-covering-with-carpets,,Wrong Answer,2706,2706,91.5792,SUCCESS,71.5789,Accepted,TRUE,Hard,Hard
count-the-number-of-consistent-strings,52.6815,Accepted,74,74,91.6206,SUCCESS,98.6167,Accepted,TRUE,Easy,Easy
widest-vertical-area-between-two-points-containing-no-points,66.0798,Accepted,55,55,91.6541,SUCCESS,44.7649,Accepted,TRUE,Easy,Easy
maximum-score-of-a-node-sequence,95.2756,Accepted,75,75,91.9117,SUCCESS,30.1466,Accepted,TRUE,Hard,Hard
find-subarray-with-bitwise-or-closest-to-k,84.7827,Accepted,814,814,91.9355,SUCCESS,88.7097,Accepted,TRUE,Hard,Hard
maximum-units-on-a-truck,79.4883,Accepted,77,77,92.0565,SUCCESS,96.4696,Accepted,TRUE,Easy,Easy
subarrays-distinct-element-sum-of-squares-i,98.4064,Accepted,707,707,92.0753,SUCCESS,46.4151,Accepted,TRUE,Easy,Easy
first-completely-painted-row-or-column,59.2789,Accepted,1058,1058,92.248,SUCCESS,47.0282,Accepted,TRUE,Medium,Medium
stamping-the-grid,96.6102,Accepted,77,77,92.4052,SUCCESS,32.9123,Accepted,TRUE,Hard,Hard
find-if-path-exists-in-graph,94.9563,Accepted,34,34,92.6915,SUCCESS,94.3255,Accepted,TRUE,Easy,Easy
sum-of-distances,98.2379,Accepted,1068,1068,92.8144,SUCCESS,47.3056,Accepted,TRUE,Medium,Medium
find-missing-and-repeated-values,68.2905,Accepted,584,584,92.8924,SUCCESS,85.6615,Accepted,TRUE,Easy,Easy
kth-largest-sum-in-a-binary-tree,73.3336,Accepted,51,51,92.9121,SUCCESS,43.1433,Accepted,TRUE,Medium,Medium
decremental-string-concatenation,98.7013,Accepted,1332,1332,93.0555,SUCCESS,94.4444,Accepted,TRUE,Medium,Medium
count-alternating-subarrays,79.7417,Accepted,789,789,93.0771,SUCCESS,31.923,Accepted,TRUE,Medium,Medium
find-the-prefix-common-array-of-two-arrays,76.2811,Accepted,1773,1773,93.1298,SUCCESS,22.3071,Accepted,TRUE,Medium,Medium
delete-duplicate-folders-in-system,97.2222,Accepted,108,108,93.2584,SUCCESS,58.4268,Accepted,TRUE,Hard,Hard
number-of-flowers-in-full-bloom,84.8941,Accepted,53,53,93.4153,SUCCESS,78.5603,Accepted,TRUE,Hard,Hard
maximum-number-of-jumps-to-reach-the-last-index,93.6508,Accepted,2639,2639,93.464,SUCCESS,50.9804,Accepted,TRUE,Medium,Medium
closest-room,92.31,Accepted,43,43,93.4783,SUCCESS,58.6957,Accepted,TRUE,Hard,Hard
delete-greatest-value-in-each-row,90.3141,Accepted,55,55,93.9464,SUCCESS,82.0722,Accepted,TRUE,Easy,Easy
number-of-pairs-satisfying-inequality,65.4409,Accepted,61,61,93.9999,SUCCESS,92.6667,Accepted,TRUE,Hard,Hard
report-spam-message,70.9762,Accepted,526,526,94.0169,SUCCESS,71.7944,Accepted,TRUE,Medium,Medium
minimum-operations-to-make-array-equal-ii,83.5052,Accepted,68,68,94.3182,SUCCESS,95.4545,Accepted,TRUE,Medium,Medium
count-of-integers,44.34,Accepted,,,94.74,,5.15,Accepted,TRUE,Hard,Hard
length-of-the-longest-subsequence-that-sums-to-target,95.9397,Accepted,941,941,94.8121,SUCCESS,89.8585,Accepted,TRUE,Medium,Medium
longest-path-with-different-adjacent-characters,97.7428,Accepted,142,142,94.898,SUCCESS,86.2246,Accepted,TRUE,Hard,Hard
reschedule-meetings-for-maximum-free-time-i,96.4632,Accepted,689,689,95.0179,SUCCESS,75.8007,Accepted,TRUE,Medium,Medium
maximize-palindrome-length-from-subsequences,93.9392,Accepted,109,109,95.0821,SUCCESS,52.4594,Accepted,TRUE,Hard,Hard
get-the-maximum-score,66.4976,Accepted,82,82,95.2381,SUCCESS,38.0951,Accepted,TRUE,Hard,Hard
count-subarrays-with-fixed-bounds,98.93,Accepted,,,95.54,,46.48,Accepted,TRUE,Hard,Hard
count-subarrays-with-median-k,93.9191,Accepted,45,45,95.8113,SUCCESS,46.5967,Accepted,TRUE,Hard,Hard
max-pair-sum-in-an-array,90.625,Accepted,3008,3008,95.9768,SUCCESS,35.9195,Accepted,TRUE,Easy,Easy
minimum-number-of-flips-to-make-binary-grid-palindromic-i,92.126,Accepted,625,625,96,SUCCESS,19.2,Accepted,TRUE,Medium,Medium
largest-local-values-in-a-matrix,68.1565,Accepted,50,50,96.2247,SUCCESS,85.2856,Accepted,TRUE,Easy,Easy
unique-3-digit-even-numbers,95.8384,Accepted,930,930,96.3744,SUCCESS,98.3279,Accepted,TRUE,Easy,Easy
maximum-number-of-visible-points,95.1034,Accepted,119,119,96.3852,SUCCESS,57.1083,Accepted,TRUE,Hard,Hard
earliest-possible-day-of-full-bloom,98.6548,Accepted,185,185,96.3856,SUCCESS,72.8917,Accepted,TRUE,Hard,Hard
find-the-width-of-columns-of-a-grid,,Wrong Answer,50,50,96.4584,SUCCESS,69.7918,Accepted,TRUE,Easy,Easy
minimum-number-of-groups-to-create-a-valid-assignment,93.3334,Accepted,631,631,96.4912,SUCCESS,54.3859,Accepted,TRUE,Medium,Medium
find-polygon-with-the-largest-perimeter,73.24,Accepted,,,97.69,,84.72,Accepted,TRUE,Medium,Medium
painting-the-walls,99.33,Accepted,,,97.73,,71.94,Accepted,TRUE,Hard,Hard
maximum-number-of-fish-in-a-grid,88.081,Accepted,3842,3842,97.7488,SUCCESS,60.6635,Accepted,TRUE,Medium,Medium
form-largest-integer-with-digits-that-add-up-to-target,96.5909,Accepted,96,96,97.9592,SUCCESS,92.8572,Accepted,TRUE,Hard,Hard
minimum-cost-walk-in-weighted-graph,91.6077,Accepted,549,549,98.039,SUCCESS,46.6231,Accepted,TRUE,Hard,Hard
merge-bsts-to-create-single-bst,37.1779,Accepted,475,475,98.1308,SUCCESS,82.2429,Accepted,TRUE,Hard,Hard
minimum-sum-of-mountain-triplets-ii,99.01,Accepted,,,98.34,,74.59,Accepted,TRUE,Medium,Medium
minimum-impossible-or,57.7237,Accepted,73,73,98.374,SUCCESS,12.1953,Accepted,TRUE,Medium,Medium
find-the-distinct-difference-array,42.6569,Accepted,4512,4512,98.3819,SUCCESS,89.9677,Accepted,TRUE,Easy,Easy
rearrange-k-substrings-to-form-target-string,56.7568,Accepted,771,771,98.434,SUCCESS,9.8984,Accepted,TRUE,Medium,Medium
maximum-height-of-a-triangle,70.8331,Accepted,857,857,98.4536,SUCCESS,82.4742,Accepted,TRUE,Easy,Easy
parallel-courses-iii,97.2438,Accepted,42,42,98.5469,SUCCESS,93.8461,Accepted,TRUE,Hard,Hard
maximum-points-tourist-can-earn,,Runtime Error,545,545,98.6014,SUCCESS,90.9091,Accepted,TRUE,Medium,Medium
words-within-two-edits-of-dictionary,26.11,Accepted,33,33,98.6207,SUCCESS,57.9311,Accepted,TRUE,Medium,Medium
check-if-there-is-a-valid-parentheses-string-path,97.03,Accepted,,,98.75,,75,Accepted,TRUE,Hard,Hard
beautiful-towers-ii,96.61,Accepted,785,785,99.0909,SUCCESS,66.3635,Accepted,TRUE,Medium,Medium
maximum-multiplication-score,100,Accepted,675,675,99.115,SUCCESS,54.8667,Accepted,TRUE,Medium,Medium
delete-nodes-from-linked-list-present-in-array,91.4081,Accepted,582,582,99.3884,SUCCESS,82.5688,Accepted,TRUE,Medium,Medium
count-integers-in-intervals,99.0196,Accepted,73,73,99.7076,SUCCESS,57.8945,Accepted,TRUE,Hard,Hard
longest-common-suffix-queries,,Memory Limit Exceeded,817,751,,SUCCESS,,Memory Limit Exceeded,TRUE,Hard,Hard
number-of-strings-which-can-be-rearranged-to-contain-substring,38.5962,Accepted,264,0,,SUCCESS,,Runtime Error,TRUE,Medium,Medium
count-collisions-of-monkeys-on-a-polygon,100,Accepted,83,0,,SUCCESS,,Runtime Error,TRUE,Medium,Medium
maximum-area-rectangle-with-point-constraints-ii,,Wrong Answer,593,1,,SUCCESS,,Runtime Error,TRUE,Hard,Hard
greatest-common-divisor-traversal,,Runtime Error,929,0,,SUCCESS,,Runtime Error,TRUE,Hard,Hard
power-of-heroes,28.7128,Accepted,2584,0,,SUCCESS,,Runtime Error,TRUE,Hard,Hard
maximum-segment-sum-after-removals,,Wrong Answer,42,0,,SUCCESS,,Runtime Error,TRUE,Hard,Hard
abbreviating-the-product-of-a-range,,Runtime Error,292,3,,SUCCESS,,Runtime Error,TRUE,Hard,Hard
sum-of-k-mirror-numbers,9.6273,Accepted,97,0,,SUCCESS,,Runtime Error,TRUE,Hard,Hard
minimum-number-of-days-to-eat-n-oranges,90.3448,Accepted,176,0,,SUCCESS,,Runtime Error,TRUE,Hard,Hard
separate-squares-i,,Time Limit Exceeded,915,564,,SUCCESS,,Time Limit Exceeded,TRUE,Medium,Medium
count-special-subsequences,,Time Limit Exceeded,557,543,,SUCCESS,,Time Limit Exceeded,TRUE,Medium,Medium
count-beautiful-splits-in-an-array,,Time Limit Exceeded,583,575,,SUCCESS,,Time Limit Exceeded,TRUE,Medium,Medium
find-mirror-score-of-a-string,,Time Limit Exceeded,,,,,,Time Limit Exceeded,TRUE,Medium,Medium
maximize-the-number-of-target-nodes-after-connecting-trees-i,,Time Limit Exceeded,817,810,,SUCCESS,,Time Limit Exceeded,TRUE,Medium,Medium
construct-the-minimum-bitwise-array-ii,,Wrong Answer,,,,,,Time Limit Exceeded,TRUE,Medium,Medium
find-subtree-sizes-after-changes,,Memory Limit Exceeded,632,631,,SUCCESS,,Time Limit Exceeded,TRUE,Medium,Medium
count-of-substrings-containing-every-vowel-and-k-consonants-ii,,Time Limit Exceeded,768,729,,SUCCESS,,Time Limit Exceeded,TRUE,Medium,Medium
count-substrings-with-k-frequency-characters-i,5.82,Accepted,,,,,,Time Limit Exceeded,TRUE,Medium,Medium
k-th-nearest-obstacle-queries,,Time Limit Exceeded,591,590,,SUCCESS,,Time Limit Exceeded,TRUE,Medium,Medium
alternating-groups-ii,,Time Limit Exceeded,625,531,,SUCCESS,,Time Limit Exceeded,TRUE,Medium,Medium
count-the-number-of-substrings-with-dominant-ones,,Time Limit Exceeded,881,855,,SUCCESS,,Time Limit Exceeded,TRUE,Medium,Medium
find-the-number-of-good-pairs-ii,55.8442,Accepted,687,683,,SUCCESS,,Time Limit Exceeded,TRUE,Medium,Medium
find-all-possible-stable-binary-arrays-i,,Memory Limit Exceeded,670,666,,SUCCESS,,Time Limit Exceeded,TRUE,Medium,Medium
shortest-subarray-with-or-at-least-k-ii,,Time Limit Exceeded,718,714,,SUCCESS,,Time Limit Exceeded,TRUE,Medium,Medium
find-the-grid-of-region-average,,Time Limit Exceeded,810,792,,SUCCESS,,Time Limit Exceeded,TRUE,Medium,Medium
maximum-good-subarray-sum,,Time Limit Exceeded,782,780,,SUCCESS,,Time Limit Exceeded,TRUE,Medium,Medium
count-zero-request-servers,27.2639,Accepted,3129,2123,,SUCCESS,,Time Limit Exceeded,TRUE,Medium,Medium
increment-submatrices-by-one,,Time Limit Exceeded,31,17,,SUCCESS,,Time Limit Exceeded,TRUE,Medium,Medium
count-beautiful-numbers,,Time Limit Exceeded,554,532,,SUCCESS,,Time Limit Exceeded,TRUE,Hard,Hard
longest-common-prefix-of-k-strings-after-removal,,Time Limit Exceeded,667,633,,SUCCESS,,Time Limit Exceeded,TRUE,Hard,Hard
permutations-iv,,Time Limit Exceeded,999,225,,SUCCESS,,Time Limit Exceeded,TRUE,Hard,Hard
subsequences-with-a-unique-middle-mode-i,,Time Limit Exceeded,947,751,,SUCCESS,,Time Limit Exceeded,TRUE,Hard,Hard
count-substrings-divisible-by-last-digit,,Time Limit Exceeded,699,683,,SUCCESS,,Time Limit Exceeded,TRUE,Hard,Hard
maximize-subarray-sum-after-removing-all-occurrences-of-one-element,,Time Limit Exceeded,660,649,,SUCCESS,,Time Limit Exceeded,TRUE,Hard,Hard
count-number-of-balanced-permutations,,Time Limit Exceeded,792,466,,SUCCESS,,Time Limit Exceeded,TRUE,Hard,Hard
count-k-reducible-numbers-less-than-n,,Time Limit Exceeded,774,330,,SUCCESS,,Time Limit Exceeded,TRUE,Hard,Hard
find-x-sum-of-all-k-long-subarrays-ii,,Time Limit Exceeded,784,776,,SUCCESS,,Time Limit Exceeded,TRUE,Hard,Hard
find-the-occurrence-of-first-almost-equal-substring,,Time Limit Exceeded,778,770,,SUCCESS,,Time Limit Exceeded,TRUE,Hard,Hard
final-array-state-after-k-multiplication-operations-ii,,Time Limit Exceeded,695,503,,SUCCESS,,Time Limit Exceeded,TRUE,Hard,Hard
find-the-largest-palindrome-divisible-by-k,,Time Limit Exceeded,632,133,,SUCCESS,,Time Limit Exceeded,TRUE,Hard,Hard
count-substrings-that-satisfy-k-constraint-ii,,Wrong Answer,627,620,,SUCCESS,,Time Limit Exceeded,TRUE,Hard,Hard
time-taken-to-mark-all-nodes,,Time Limit Exceeded,804,411,,SUCCESS,,Time Limit Exceeded,TRUE,Hard,Hard
number-of-subarrays-with-and-value-of-k,,Time Limit Exceeded,902,893,,SUCCESS,,Time Limit Exceeded,TRUE,Hard,Hard
maximum-total-reward-using-operations-ii,,Time Limit Exceeded,583,572,,SUCCESS,,Time Limit Exceeded,TRUE,Hard,Hard
maximum-sum-of-subsequence-with-non-adjacent-elements,,Time Limit Exceeded,527,517,,SUCCESS,,Time Limit Exceeded,TRUE,Hard,Hard
minimize-manhattan-distances,39.2152,Accepted,537,527,,SUCCESS,,Time Limit Exceeded,TRUE,Hard,Hard
minimum-moves-to-pick-k-ones,,Time Limit Exceeded,825,821,,SUCCESS,,Time Limit Exceeded,TRUE,Hard,Hard
count-the-number-of-houses-at-a-certain-distance-ii,,Time Limit Exceeded,549,505,,SUCCESS,,Time Limit Exceeded,TRUE,Hard,Hard
count-prefix-and-suffix-pairs-ii,,Time Limit Exceeded,597,591,,SUCCESS,,Time Limit Exceeded,TRUE,Hard,Hard
find-beautiful-indices-in-the-given-array-ii,,Time Limit Exceeded,238,231,,SUCCESS,,Time Limit Exceeded,TRUE,Hard,Hard
minimum-time-to-revert-word-to-initial-state-ii,,Time Limit Exceeded,911,898,,SUCCESS,,Time Limit Exceeded,TRUE,Hard,Hard
find-number-of-coins-to-place-in-tree-nodes,,Time Limit Exceeded,614,612,,SUCCESS,,Time Limit Exceeded,TRUE,Hard,Hard
maximum-strong-pair-xor-ii,,Time Limit Exceeded,349,237,,SUCCESS,,Time Limit Exceeded,TRUE,Hard,Hard
subarrays-distinct-element-sum-of-squares-ii,,Time Limit Exceeded,,,,,,Time Limit Exceeded,TRUE,Hard,Hard
minimum-edge-weight-equilibrium-queries-in-a-tree,,Time Limit Exceeded,733,727,,SUCCESS,,Time Limit Exceeded,TRUE,Hard,Hard
find-a-good-subset-of-the-matrix,,Time Limit Exceeded,685,682,,SUCCESS,,Time Limit Exceeded,TRUE,Hard,Hard
minimum-reverse-operations,,Time Limit Exceeded,711,698,,SUCCESS,,Time Limit Exceeded,TRUE,Hard,Hard
handling-sum-queries-after-update,,Time Limit Exceeded,77,73,,SUCCESS,,Time Limit Exceeded,TRUE,Hard,Hard
groups-of-strings,,Time Limit Exceeded,97,95,,SUCCESS,,Time Limit Exceeded,TRUE,Hard,Hard
kth-smallest-product-of-two-sorted-arrays,,Time Limit Exceeded,112,98,,SUCCESS,,Time Limit Exceeded,TRUE,Hard,Hard
find-servers-that-handled-most-number-of-requests,,Time Limit Exceeded,108,100,,SUCCESS,,Time Limit Exceeded,TRUE,Hard,Hard
stone-game-v,,Time Limit Exceeded,132,131,,SUCCESS,,Time Limit Exceeded,TRUE,Hard,Hard
maximum-unique-subarray-sum-after-deletion,,Wrong Answer,927,431,,SUCCESS,,Wrong Answer,TRUE,Easy,Easy
sum-of-variable-length-subarrays,,Wrong Answer,773,176,,SUCCESS,,Wrong Answer,TRUE,Easy,Easy
zigzag-grid-traversal-with-skip,,Wrong Answer,840,464,,SUCCESS,,Wrong Answer,TRUE,Easy,Easy
substring-matching-pattern,,Wrong Answer,969,866,,SUCCESS,,Wrong Answer,TRUE,Easy,Easy
smallest-number-with-all-set-bits,19.8966,Accepted,608,599,,SUCCESS,,Wrong Answer,TRUE,Easy,Easy
stone-removal-game,,Wrong Answer,53,27,,SUCCESS,,Wrong Answer,TRUE,Easy,Easy
minimum-operations-to-make-array-values-equal-to-k,,Wrong Answer,969,899,,SUCCESS,,Wrong Answer,TRUE,Easy,Easy
adjacent-increasing-subarrays-detection-i,,Wrong Answer,1422,1223,,SUCCESS,,Wrong Answer,TRUE,Easy,Easy
matrix-similarity-after-cyclic-shifts,,Wrong Answer,914,904,,SUCCESS,,Wrong Answer,TRUE,Easy,Easy
minimum-right-shifts-to-sort-the-array,,Wrong Answer,814,317,,SUCCESS,,Wrong Answer,TRUE,Easy,Easy
fruits-into-baskets-iii,,Wrong Answer,740,385,,SUCCESS,,Wrong Answer,TRUE,Medium,Medium
find-the-number-of-copy-arrays,13.8888,Accepted,740,530,,SUCCESS,,Wrong Answer,TRUE,Medium,Medium
eat-pizzas,,Wrong Answer,1005,140,,SUCCESS,,Wrong Answer,TRUE,Medium,Medium
select-k-disjoint-special-substrings,,Wrong Answer,989,791,,SUCCESS,,Wrong Answer,TRUE,Medium,Medium
assign-elements-to-groups-with-constraints,,Wrong Answer,572,367,,SUCCESS,,Wrong Answer,TRUE,Medium,Medium
maximum-frequency-after-subarray-operation,,Wrong Answer,749,13,,SUCCESS,,Wrong Answer,TRUE,Medium,Medium
closest-equal-element-queries,,Runtime Error,614,343,,SUCCESS,,Wrong Answer,TRUE,Medium,Medium
reschedule-meetings-for-maximum-free-time-ii,,Wrong Answer,695,12,,SUCCESS,,Wrong Answer,TRUE,Medium,Medium
count-mentions-per-user,,Wrong Answer,673,642,,SUCCESS,,Wrong Answer,TRUE,Medium,Medium
minimize-the-maximum-edge-weight-of-graph,,Wrong Answer,671,591,,SUCCESS,,Wrong Answer,TRUE,Medium,Medium
longest-subsequence-with-decreasing-adjacent-difference,,Wrong Answer,586,377,,SUCCESS,,Wrong Answer,TRUE,Medium,Medium
maximum-coins-from-k-consecutive-bags,,Wrong Answer,605,83,,SUCCESS,,Wrong Answer,TRUE,Medium,Medium
minimum-cost-to-make-arrays-identical,,Wrong Answer,955,208,,SUCCESS,,Wrong Answer,TRUE,Medium,Medium
find-the-lexicographically-largest-string-from-the-box-i,,Wrong Answer,785,240,,SUCCESS,,Wrong Answer,TRUE,Medium,Medium
maximum-area-rectangle-with-point-constraints-i,,Wrong Answer,1002,981,,SUCCESS,,Wrong Answer,TRUE,Medium,Medium
check-if-grid-can-be-cut-into-sections,,Wrong Answer,698,616,,SUCCESS,,Wrong Answer,TRUE,Medium,Medium
digit-operations-to-make-two-integers-equal,,Wrong Answer,573,372,,SUCCESS,,Wrong Answer,TRUE,Medium,Medium
minimum-array-sum,,Wrong Answer,772,404,,SUCCESS,,Wrong Answer,TRUE,Medium,Medium
maximum-subarray-sum-with-length-divisible-by-k,,Wrong Answer,661,193,,SUCCESS,,Wrong Answer,TRUE,Medium,Medium
minimum-time-to-break-locks-i,,Wrong Answer,763,62,,SUCCESS,,Wrong Answer,TRUE,Medium,Medium
zero-array-transformation-iii,,Wrong Answer,824,515,,SUCCESS,,Wrong Answer,TRUE,Medium,Medium
zero-array-transformation-ii,,Wrong Answer,627,89,,SUCCESS,,Wrong Answer,TRUE,Medium,Medium
zero-array-transformation-i,,Wrong Answer,668,294,,SUCCESS,,Wrong Answer,TRUE,Medium,Medium
find-minimum-time-to-reach-last-room-i,,Wrong Answer,744,2,,SUCCESS,,Wrong Answer,TRUE,Medium,Medium
maximum-frequency-of-an-element-after-performing-operations-i,,Wrong Answer,635,491,,SUCCESS,,Wrong Answer,TRUE,Medium,Medium
adjacent-increasing-subarrays-detection-ii,,Wrong Answer,1111,915,,SUCCESS,,Wrong Answer,TRUE,Medium,Medium
minimum-division-operations-to-make-array-non-decreasing,,Wrong Answer,720,597,,SUCCESS,,Wrong Answer,TRUE,Medium,Medium
identify-the-largest-outlier-in-an-array,,Wrong Answer,873,172,,SUCCESS,,Wrong Answer,TRUE,Medium,Medium
find-the-lexicographically-smallest-valid-sequence,,Wrong Answer,905,174,,SUCCESS,,Wrong Answer,TRUE,Medium,Medium
count-almost-equal-pairs-i,,Wrong Answer,686,480,,SUCCESS,,Wrong Answer,TRUE,Medium,Medium
reach-end-of-array-with-max-score,,Wrong Answer,626,17,,SUCCESS,,Wrong Answer,TRUE,Medium,Medium
minimum-number-of-flips-to-make-binary-grid-palindromic-ii,,Wrong Answer,661,68,,SUCCESS,,Wrong Answer,TRUE,Medium,Medium
find-the-power-of-k-size-subarrays-i,,Wrong Answer,857,838,,SUCCESS,,Wrong Answer,TRUE,Medium,Medium
maximize-the-total-height-of-unique-towers,,Wrong Answer,583,468,,SUCCESS,,Wrong Answer,TRUE,Medium,Medium
k-th-largest-perfect-subtree-size-in-binary-tree,,Wrong Answer,766,206,,SUCCESS,,Wrong Answer,TRUE,Medium,Medium
find-the-count-of-numbers-which-are-not-special,,Wrong Answer,855,849,,SUCCESS,,Wrong Answer,TRUE,Medium,Medium
maximum-number-of-operations-to-move-ones-to-the-end,,Wrong Answer,694,148,,SUCCESS,,Wrong Answer,TRUE,Medium,Medium
count-submatrices-with-equal-frequency-of-x-and-y,,Wrong Answer,770,18,,SUCCESS,,Wrong Answer,TRUE,Medium,Medium
find-the-maximum-length-of-valid-subsequence-ii,,Wrong Answer,732,75,,SUCCESS,,Wrong Answer,TRUE,Medium,Medium
find-the-maximum-length-of-valid-subsequence-i,,Wrong Answer,951,38,,SUCCESS,,Wrong Answer,TRUE,Medium,Medium
find-maximum-removals-from-source-string,,Wrong Answer,755,536,,SUCCESS,,Wrong Answer,TRUE,Medium,Medium
maximize-total-cost-of-alternating-subarrays,,Wrong Answer,692,99,,SUCCESS,,Wrong Answer,TRUE,Medium,Medium
vowels-game-in-a-string,,Wrong Answer,697,591,,SUCCESS,,Wrong Answer,TRUE,Medium,Medium
find-the-maximum-length-of-a-good-subsequence-i,,Wrong Answer,543,311,,SUCCESS,,Wrong Answer,TRUE,Medium,Medium
minimum-length-of-string-after-operations,,Wrong Answer,702,475,,SUCCESS,,Wrong Answer,TRUE,Medium,Medium
lexicographically-minimum-string-after-removing-stars,,Wrong Answer,602,559,,SUCCESS,,Wrong Answer,TRUE,Medium,Medium
count-the-number-of-special-characters-ii,66.8648,Accepted,896,736,,SUCCESS,,Wrong Answer,TRUE,Medium,Medium
minimum-length-of-anagram-concatenation,,Wrong Answer,560,279,,SUCCESS,,Wrong Answer,TRUE,Medium,Medium
minimum-array-end,,Wrong Answer,765,50,,SUCCESS,,Wrong Answer,TRUE,Medium,Medium
water-bottles-ii,14.1592,Accepted,958,727,,SUCCESS,,Wrong Answer,TRUE,Medium,Medium
apply-operations-to-make-string-empty,,Wrong Answer,,,,,,Wrong Answer,TRUE,Medium,Medium
find-the-maximum-number-of-elements-in-subset,,Wrong Answer,731,355,,SUCCESS,,Wrong Answer,TRUE,Medium,Medium
find-if-array-can-be-sorted,90.184,Accepted,999,677,,SUCCESS,,Wrong Answer,TRUE,Medium,Medium
minimum-moves-to-capture-the-queen,,Wrong Answer,744,378,,SUCCESS,,Wrong Answer,TRUE,Medium,Medium
find-longest-special-substring-that-occurs-thrice-i,,Wrong Answer,812,50,,SUCCESS,,Wrong Answer,TRUE,Medium,Medium
maximum-points-after-enemy-battles,,Wrong Answer,579,44,,SUCCESS,,Wrong Answer,TRUE,Medium,Medium
maximum-size-of-a-set-after-removals,,Wrong Answer,969,961,,SUCCESS,,Wrong Answer,TRUE,Medium,Medium
count-subarrays-where-max-element-appears-at-least-k-times,,Wrong Answer,634,104,,SUCCESS,,Wrong Answer,TRUE,Medium,Medium
distribute-candies-among-children-ii,63.0281,Accepted,958,560,,SUCCESS,,Wrong Answer,TRUE,Medium,Medium
separate-black-and-white-balls,,Wrong Answer,581,69,,SUCCESS,,Wrong Answer,TRUE,Medium,Medium
maximum-xor-product,,Wrong Answer,863,227,,SUCCESS,,Wrong Answer,TRUE,Medium,Medium
maximum-score-after-applying-operations-on-a-tree,,Wrong Answer,821,0,,SUCCESS,,Wrong Answer,TRUE,Medium,Medium
find-indices-with-index-and-value-difference-ii,,Wrong Answer,517,430,,SUCCESS,,Wrong Answer,TRUE,Medium,Medium
minimum-size-subarray-in-infinite-array,,Wrong Answer,535,383,,SUCCESS,,Wrong Answer,TRUE,Medium,Medium
happy-students,,Wrong Answer,727,0,,SUCCESS,,Wrong Answer,TRUE,Medium,Medium
apply-operations-to-make-two-strings-equal,,Wrong Answer,729,425,,SUCCESS,,Wrong Answer,TRUE,Medium,Medium
construct-product-matrix,,Wrong Answer,1566,160,,SUCCESS,,Wrong Answer,TRUE,Medium,Medium
minimum-additions-to-make-valid-string,,Wrong Answer,1523,185,,SUCCESS,,Wrong Answer,TRUE,Medium,Medium
count-the-number-of-square-free-subsets,,Wrong Answer,44,23,,SUCCESS,,Wrong Answer,TRUE,Medium,Medium
take-k-of-each-character-from-left-and-right,,Time Limit Exceeded,142,125,,SUCCESS,,Wrong Answer,TRUE,Medium,Medium
most-profitable-path-in-a-tree,,Wrong Answer,31,0,,SUCCESS,,Wrong Answer,TRUE,Medium,Medium
longest-special-path-ii,,Wrong Answer,678,351,,SUCCESS,,Wrong Answer,TRUE,Hard,Hard
maximize-subarrays-after-removing-one-conflicting-pair,,Wrong Answer,642,0,,SUCCESS,,Wrong Answer,TRUE,Hard,Hard
maximize-the-distance-between-points-on-a-square,,Wrong Answer,619,321,,SUCCESS,,Wrong Answer,TRUE,Hard,Hard
maximize-the-minimum-game-score,,Wrong Answer,692,21,,SUCCESS,,Wrong Answer,TRUE,Hard,Hard
minimum-operations-to-make-array-elements-zero,,Wrong Answer,646,24,,SUCCESS,,Wrong Answer,TRUE,Hard,Hard
length-of-longest-v-shaped-diagonal-segment,,Wrong Answer,561,154,,SUCCESS,,Wrong Answer,TRUE,Hard,Hard
smallest-substring-with-identical-characters-ii,,Wrong Answer,970,91,,SUCCESS,,Wrong Answer,TRUE,Hard,Hard
minimum-cost-good-caption,,Wrong Answer,714,5,,SUCCESS,,Wrong Answer,TRUE,Hard,Hard
minimum-increments-for-target-multiples-in-an-array,,Wrong Answer,590,216,,SUCCESS,,Wrong Answer,TRUE,Hard,Hard
shortest-matching-substring,,Wrong Answer,795,124,,SUCCESS,,Wrong Answer,TRUE,Hard,Hard
smallest-substring-with-identical-characters-i,,Wrong Answer,949,487,,SUCCESS,,Wrong Answer,TRUE,Hard,Hard
longest-special-path,,Wrong Answer,675,260,,SUCCESS,,Wrong Answer,TRUE,Hard,Hard
count-connected-components-in-lcm-graph,,Wrong Answer,697,462,,SUCCESS,,Wrong Answer,TRUE,Hard,Hard
maximize-sum-of-weights-after-edge-removals,,Wrong Answer,714,513,,SUCCESS,,Wrong Answer,TRUE,Hard,Hard
count-non-decreasing-subarrays-after-k-operations,,Wrong Answer,731,0,,SUCCESS,,Wrong Answer,TRUE,Hard,Hard
minimize-the-maximum-adjacent-element-difference,,Wrong Answer,958,21,,SUCCESS,,Wrong Answer,TRUE,Hard,Hard
sum-of-good-subsequences,,Wrong Answer,679,45,,SUCCESS,,Wrong Answer,TRUE,Hard,Hard
maximize-the-number-of-target-nodes-after-connecting-trees-ii,,Wrong Answer,825,4,,SUCCESS,,Wrong Answer,TRUE,Hard,Hard
maximum-frequency-of-an-element-after-performing-operations-ii,,Wrong Answer,633,300,,SUCCESS,,Wrong Answer,TRUE,Hard,Hard
minimum-operations-to-make-character-frequencies-equal,,Wrong Answer,773,72,,SUCCESS,,Wrong Answer,TRUE,Hard,Hard
find-the-original-typed-string-ii,,Wrong Answer,846,135,,SUCCESS,,Wrong Answer,TRUE,Hard,Hard
find-the-number-of-subsequences-with-equal-gcd,,Wrong Answer,622,25,,SUCCESS,,Wrong Answer,TRUE,Hard,Hard
find-the-number-of-possible-ways-for-an-event,,Wrong Answer,568,64,,SUCCESS,,Wrong Answer,TRUE,Hard,Hard
check-if-dfs-strings-are-palindromes,,Wrong Answer,584,208,,SUCCESS,,Wrong Answer,TRUE,Hard,Hard
count-the-number-of-winning-sequences,,Wrong Answer,691,147,,SUCCESS,,Wrong Answer,TRUE,Hard,Hard
sorted-gcd-pair-queries,,Time Limit Exceeded,721,550,,SUCCESS,,Wrong Answer,TRUE,Hard,Hard
construct-2d-grid-matching-graph-layout,,Wrong Answer,785,90,,SUCCESS,,Wrong Answer,TRUE,Hard,Hard
find-the-maximum-sequence-value-of-array,,Wrong Answer,641,397,,SUCCESS,,Wrong Answer,TRUE,Hard,Hard
count-substrings-that-can-be-rearranged-to-contain-a-string-ii,,Wrong Answer,760,85,,SUCCESS,,Wrong Answer,TRUE,Hard,Hard
length-of-the-longest-increasing-path,,Wrong Answer,725,242,,SUCCESS,,Wrong Answer,TRUE,Hard,Hard
select-cells-in-grid-with-maximum-score,,Wrong Answer,546,465,,SUCCESS,,Wrong Answer,TRUE,Hard,Hard
maximum-score-of-non-overlapping-intervals,,Wrong Answer,581,573,,SUCCESS,,Wrong Answer,TRUE,Hard,Hard
maximum-number-of-moves-to-kill-all-pawns,,Wrong Answer,692,103,,SUCCESS,,Wrong Answer,TRUE,Hard,Hard
maximum-xor-score-subarray-queries,,Wrong Answer,635,241,,SUCCESS,,Wrong Answer,TRUE,Hard,Hard
find-the-count-of-good-integers,,Wrong Answer,90,9,,SUCCESS,,Wrong Answer,TRUE,Hard,Hard
count-almost-equal-pairs-ii,,Wrong Answer,631,429,,SUCCESS,,Wrong Answer,TRUE,Hard,Hard
find-the-count-of-monotonic-pairs-ii,,Wrong Answer,801,375,,SUCCESS,,Wrong Answer,TRUE,Hard,Hard
find-the-count-of-monotonic-pairs-i,,Wrong Answer,801,381,,SUCCESS,,Wrong Answer,TRUE,Hard,Hard
minimum-amount-of-damage-dealt-to-bob,,Wrong Answer,897,13,,SUCCESS,,Wrong Answer,TRUE,Hard,Hard
alternating-groups-iii,,Wrong Answer,731,193,,SUCCESS,,Wrong Answer,TRUE,Hard,Hard
shortest-distance-after-road-addition-queries-ii,,Wrong Answer,644,2,,SUCCESS,,Wrong Answer,TRUE,Hard,Hard
check-if-the-rectangle-corner-is-reachable,,Wrong Answer,933,565,,SUCCESS,,Wrong Answer,TRUE,Hard,Hard
count-the-number-of-inversions,,Wrong Answer,720,77,,SUCCESS,,Wrong Answer,TRUE,Hard,Hard
find-the-minimum-area-to-cover-all-ones-ii,,Wrong Answer,661,631,,SUCCESS,,Wrong Answer,TRUE,Hard,Hard
minimum-operations-to-make-array-equal-to-target,,Wrong Answer,554,119,,SUCCESS,,Wrong Answer,TRUE,Hard,Hard
find-the-maximum-length-of-a-good-subsequence-ii,,Wrong Answer,551,449,,SUCCESS,,Wrong Answer,TRUE,Hard,Hard
block-placement-queries,,Wrong Answer,744,425,,SUCCESS,,Wrong Answer,TRUE,Hard,Hard
find-products-of-elements-of-big-array,,Wrong Answer,758,233,,SUCCESS,,Wrong Answer,TRUE,Hard,Hard
minimum-cost-to-equalize-array,,Wrong Answer,636,559,,SUCCESS,,Wrong Answer,TRUE,Hard,Hard
find-the-number-of-subarrays-where-boundary-elements-are-maximum,59.4196,Accepted,890,104,,SUCCESS,,Wrong Answer,TRUE,Hard,Hard
kth-smallest-amount-with-single-denomination-combination,,Wrong Answer,561,312,,SUCCESS,,Wrong Answer,TRUE,Hard,Hard
maximize-consecutive-elements-in-an-array-after-modification,,Wrong Answer,668,97,,SUCCESS,,Wrong Answer,TRUE,Hard,Hard
earliest-second-to-mark-indices-ii,,Wrong Answer,510,176,,SUCCESS,,Wrong Answer,TRUE,Hard,Hard
minimize-or-of-remaining-elements-using-operations,,Wrong Answer,822,3,,SUCCESS,,Wrong Answer,TRUE,Hard,Hard
count-the-number-of-powerful-integers,,Wrong Answer,933,809,,SUCCESS,,Wrong Answer,TRUE,Hard,Hard
maximize-the-number-of-partitions-after-operations,,Wrong Answer,277,267,,SUCCESS,,Wrong Answer,TRUE,Hard,Hard
count-the-number-of-infection-sequences,,Wrong Answer,1000,477,,SUCCESS,,Wrong Answer,TRUE,Hard,Hard
count-the-number-of-good-partitions,,Wrong Answer,813,809,,SUCCESS,,Wrong Answer,TRUE,Hard,Hard
find-maximum-non-decreasing-array-length,,Wrong Answer,553,113,,SUCCESS,,Wrong Answer,TRUE,Hard,Hard
count-beautiful-substrings-ii,,Wrong Answer,,,,,,Wrong Answer,TRUE,Hard,Hard
palindrome-rearrangement-queries,,Wrong Answer,1211,891,,SUCCESS,,Wrong Answer,TRUE,Hard,Hard
apply-operations-to-maximize-frequency-score,,Wrong Answer,774,117,,SUCCESS,,Wrong Answer,TRUE,Hard,Hard
find-building-where-alice-and-bob-can-meet,,Wrong Answer,953,137,,SUCCESS,,Wrong Answer,TRUE,Hard,Hard
maximum-points-after-collecting-coins-from-all-nodes,,Wrong Answer,542,231,,SUCCESS,,Wrong Answer,TRUE,Hard,Hard
count-valid-paths-in-a-tree,,Wrong Answer,922,10,,SUCCESS,,Wrong Answer,TRUE,Hard,Hard
maximum-spending-after-buying-items,,Wrong Answer,779,313,,SUCCESS,,Wrong Answer,TRUE,Hard,Hard
count-of-sub-multisets-with-bounded-sum,,Time Limit Exceeded,643,515,,SUCCESS,,Wrong Answer,TRUE,Hard,Hard
string-transformation,,Runtime Error,726,95,,SUCCESS,,Wrong Answer,TRUE,Hard,Hard
minimum-changes-to-make-k-semi-palindromes,,Wrong Answer,558,257,,SUCCESS,,Wrong Answer,TRUE,Hard,Hard
modify-graph-edge-weights,,Wrong Answer,882,223,,SUCCESS,,Wrong Answer,TRUE,Hard,Hard
subsequence-with-the-minimum-score,,Wrong Answer,54,22,,SUCCESS,,Wrong Answer,TRUE,Hard,Hard
maximize-the-minimum-powered-city,,Wrong Answer,30,9,,SUCCESS,,Wrong Answer,TRUE,Hard,Hard
number-of-beautiful-partitions,,Wrong Answer,74,31,,SUCCESS,,Wrong Answer,TRUE,Hard,Hard
split-message-based-on-limit,,Wrong Answer,94,86,,SUCCESS,,Wrong Answer,TRUE,Hard,Hard
maximum-number-of-non-overlapping-palindrome-substrings,,Wrong Answer,56,10,,SUCCESS,,Wrong Answer,TRUE,Hard,Hard
height-of-binary-tree-after-subtree-removal-queries,,Wrong Answer,40,0,,SUCCESS,,Wrong Answer,TRUE,Hard,Hard
longest-increasing-subsequence-ii,,Wrong Answer,84,76,,SUCCESS,,Wrong Answer,TRUE,Hard,Hard
find-the-k-sum-of-an-array,,Wrong Answer,111,7,,SUCCESS,,Wrong Answer,TRUE,Hard,Hard
maximum-total-beauty-of-the-gardens,,Wrong Answer,77,43,,SUCCESS,,Wrong Answer,TRUE,Hard,Hard
count-good-triplets-in-an-array,,Wrong Answer,148,30,,SUCCESS,,Wrong Answer,TRUE,Hard,Hard
maximum-fruits-harvested-after-at-most-k-steps,,Wrong Answer,202,95,,SUCCESS,,Wrong Answer,TRUE,Hard,Hard
sequentially-ordinal-rank-tracker,,Runtime Error,81,3,,SUCCESS,,Wrong Answer,TRUE,Hard,Hard
maximum-number-of-tasks-you-can-assign,,Wrong Answer,49,30,,SUCCESS,,Wrong Answer,TRUE,Hard,Hard
number-of-valid-move-combinations-on-chessboard,,Wrong Answer,273,202,,SUCCESS,,Wrong Answer,TRUE,Hard,Hard
maximum-number-of-ways-to-partition-an-array,64.5162,Accepted,178,125,,SUCCESS,,Wrong Answer,TRUE,Hard,Hard
find-array-given-subset-sums,,Wrong Answer,131,14,,SUCCESS,,Wrong Answer,TRUE,Hard,Hard
number-of-ways-to-separate-numbers,,Wrong Answer,257,35,,SUCCESS,,Wrong Answer,TRUE,Hard,Hard
longest-common-subpath,,Wrong Answer,81,68,,SUCCESS,,Wrong Answer,TRUE,Hard,Hard
minimum-cost-to-reach-destination-in-time,,Wrong Answer,93,86,,SUCCESS,,Wrong Answer,TRUE,Hard,Hard
the-earliest-and-latest-rounds-where-players-compete,,Wrong Answer,137,77,,SUCCESS,,Wrong Answer,TRUE,Hard,Hard
design-movie-rental-system,,Wrong Answer,42,23,,SUCCESS,,Wrong Answer,TRUE,Hard,Hard
minimum-skips-to-arrive-at-meeting-on-time,,Wrong Answer,61,60,,SUCCESS,,Wrong Answer,TRUE,Hard,Hard
finding-mk-average,,Wrong Answer,17,7,,SUCCESS,,Wrong Answer,TRUE,Hard,Hard
maximum-number-of-groups-getting-fresh-donuts,,Wrong Answer,74,1,,SUCCESS,,Wrong Answer,TRUE,Hard,Hard
tree-of-coprimes,,Wrong Answer,37,1,,SUCCESS,,Wrong Answer,TRUE,Hard,Hard
minimum-adjacent-swaps-for-k-consecutive-ones,,Wrong Answer,117,3,,SUCCESS,,Wrong Answer,TRUE,Hard,Hard
minimum-initial-energy-to-finish-tasks,90.099,Accepted,42,4,,SUCCESS,,Wrong Answer,TRUE,Hard,Hard
maximize-grid-happiness,,Wrong Answer,,,,,,Runtime Error,TRUE,Hard,Hard
minimum-cost-to-connect-two-groups-of-points,,Runtime Error,,,,,,Wrong Answer,TRUE,Hard,Hard
parallel-courses-ii,,Wrong Answer,82,69,,SUCCESS,,Wrong Answer,TRUE,Hard,Hard
probability-of-a-two-boxes-having-the-same-number-of-distinct-balls,38.2984,Accepted,21,5,,SUCCESS,,Wrong Answer,TRUE,Hard,Hard
double-modular-exponentiation,100,Accepted,524,0,,SUCCESS,,Runtime Error,TRUE,Medium,Medium
smallest-divisible-digit-product-ii,,Wrong Answer,954,2,,SUCCESS,,Runtime Error,TRUE,Hard,Hard
minimum-number-of-valid-strings-to-form-target-i,,Time Limit Exceeded,,,,,,Time Limit Exceeded,TRUE,Medium,Medium
find-the-power-of-k-size-subarrays-ii,,Time Limit Exceeded,653,641,,SUCCESS,,Time Limit Exceeded,TRUE,Medium,Medium
check-if-digits-are-equal-in-string-after-operations-ii,,Time Limit Exceeded,,,,,,Time Limit Exceeded,TRUE,Hard,Hard
maximum-and-minimum-sums-of-at-most-size-k-subarrays,,Wrong Answer,684,622,,SUCCESS,,Time Limit Exceeded,TRUE,Hard,Hard
construct-string-with-minimum-cost,,Time Limit Exceeded,808,713,,SUCCESS,,Time Limit Exceeded,TRUE,Hard,Hard
number-of-subarrays-that-match-a-pattern-ii,,Time Limit Exceeded,792,775,,SUCCESS,,Time Limit Exceeded,TRUE,Hard,Hard
find-the-number-of-ways-to-place-people-ii,,Time Limit Exceeded,,,,,,Time Limit Exceeded,TRUE,Hard,Hard
divide-an-array-into-subarrays-with-minimum-cost-ii,,Wrong Answer,691,687,,SUCCESS,,Time Limit Exceeded,TRUE,Hard,Hard
find-the-encrypted-string,,Wrong Answer,,,,,,Wrong Answer,TRUE,Easy,Easy
zero-array-transformation-iv,,Wrong Answer,714,339,,SUCCESS,,Wrong Answer,TRUE,Medium,Medium
find-the-minimum-amount-of-time-to-brew-potions,,Wrong Answer,,,,,,Wrong Answer,TRUE,Medium,Medium
find-minimum-cost-to-remove-array-elements,,Wrong Answer,,,,,,Wrong Answer,TRUE,Medium,Medium
maximum-and-minimum-sums-of-at-most-size-k-subsequences,,Wrong Answer,,,,,,Wrong Answer,TRUE,Medium,Medium
find-minimum-time-to-reach-last-room-ii,,Wrong Answer,,,,,,Wrong Answer,TRUE,Medium,Medium
shortest-distance-after-road-addition-queries-i,33.23,Accepted,972,394,,SUCCESS,,Wrong Answer,TRUE,Medium,Medium
replace-question-marks-in-string-to-minimize-its-value,,Wrong Answer,,,,,,Wrong Answer,TRUE,Medium,Medium
minimum-cost-to-make-array-equalindromic,,Wrong Answer,650,602,,SUCCESS,,Wrong Answer,TRUE,Medium,Medium
minimum-number-of-coins-for-fruits,65.7,Accepted,578,81,,SUCCESS,,Wrong Answer,TRUE,Medium,Medium
minimum-cost-of-a-path-with-special-roads,,Wrong Answer,1045,999,,SUCCESS,,Wrong Answer,TRUE,Medium,Medium
lexicographically-smallest-generated-string,,Wrong Answer,739,723,,SUCCESS,,Wrong Answer,TRUE,Hard,Hard
total-characters-in-string-after-transformations-ii,,Wrong Answer,,,,,,Wrong Answer,TRUE,Hard,Hard
maximum-value-sum-by-placing-three-rooks-ii,,Wrong Answer,,,,,,Wrong Answer,TRUE,Hard,Hard
count-stepping-numbers-in-range,,Wrong Answer,,,,,,Wrong Answer,TRUE,Hard,Hard
find-the-string-with-lcp,,Wrong Answer,,,,,,Wrong Answer,TRUE,Hard,Hard
paint-house-iii,,Wrong Answer,,,,,,Wrong Answer,TRUE,Hard,Hard
